Books,Author,Date,
...and Ladies of the Club , Helen Hooven Santmeyer ," July 8, 1984",
11/22/63 , Stephen King ," November 27, 2011",
11th Hour , James Patterson and Maxine Paetro ," May 27, 2012",
12th of Never , James Patterson and Maxine Paetro ," May 19, 2013",
14th Deadly Sin , James Patterson and Maxine Paetro ," May 24, 2015",
15th Affair , James Patterson and Maxine Paetro ," May 22, 2016",
16th Seduction , James Patterson and Maxine Paetro ," May 21, 2017",
1876 , Gore Vidal ," April 11, 1976",
1st to Die , James Patterson ," March 25, 2001",
2nd Chance , James Patterson with Andrew Gross ," March 24, 2002",
3rd Degree , James Patterson and Andrew Gross ," March 21, 2004",
4th of July , James Patterson and Maxine Paetro ," May 22, 2005",
61 Hours , Lee Child ," June 6, 2010",
77 Shadow Street , Dean Koontz ," January 15, 2012",
A Breath of Snow and Ashes , Diana Gabaldon ," October 16, 2005",
A Column of Fire , Ken Follett ," October 1, 2017",
A Common Life , Jan Karon ," April 29, 2001",
A Dance With Dragons , George R. R. Martin ," July 31, 2011",
A Day Late and a Dollar Short , Terry McMillan ," February 4, 2001",
A Feast For Crows , George R. R. Martin ," November 27, 2005",
A Great Reckoning , Louise Penny ," September 18, 2016",
A Legacy of Spies , John le Carré ," September 24, 2017",
A Lion Is In the Streets , Adria Locke Langley ," July 8, 1945",
A Man In Full , Tom Wolfe ," November 22, 1998",
A Memory of Light , Robert Jordan and Brandon Sanderson ," January 27, 2013",
A Modern Hero , Louis Bromfield ," May 9, 1932",
A New York Tempest , Manuel Komroff ," September 5, 1932",
A Painted House , John Grisham ," February 25, 2001",
A Perfect Spy , John le Carré ," May 4, 1986",
A Rage to Live , John O'Hara ," September 18, 1949",
A Shade of Difference , Allen Drury ," October 28, 1962",
A Spark of Light , Jodi Picoult ," October 21, 2018",
A Thousand Splendid Suns , Khaled Hosseini ," June 10, 2007",
A Tree Grows In Brooklyn , Betty Smith ," September 20, 1943",
A Wanted Man , Lee Child ," September 30, 2012",
A Week In Winter , Maeve Binchy ," March 3, 2013",
A Widow For One Year , John Irving ," June 14, 1998",
Accident , Danielle Steel ," February 27, 1994",
Accidental Heroes , Danielle Steel ," April 8, 2018",
Acheron , Sherrilyn Kenyon ," August 24, 2008",
Across the River and Into the Trees , Ernest Hemingway ," October 15, 1950",
Act of War , Brad Thor ," July 27, 2014",
Action at Aquila , Hervey Allen ," March 21, 1938",
Advise and Consent , Allen Drury ," October 4, 1959",
Against All Enemies , Tom Clancy with Peter Telep ," July 3, 2011",
Airframe , Michael Crichton ," December 29, 1996",
Airport , Arthur Hailey ," April 7, 1968",
Alaska , James Michener ," July 3, 1988",
"Alex Cross, Run ", James Patterson ," March 10, 2013",
Alex Cross's Trial , James Patterson and Richard DiLallo ," September 13, 2009",
All the Light We Cannot See , Anthony Doerr ," January 18, 2015",
All This and Heaven Too , Rachel Field ," November 28, 1938",
American Assassin , Vince Flynn ," October 31, 2010",
An Absolutely Remarkable Thing , Hank Green ," October 14, 2018",
An Anonymous Girl , Greer Hendricks and Sarah Pekkanen ," January 27, 2019",
An Indecent Obsession , Colleen McCullough ," November 15, 1981",
Anansi Boys , Neil Gaiman ," October 9, 2005",
Anathem , Neal Stephenson ," September 28, 2008",
Anatomy of a Murder , Robert Traver ," March 9, 1958",
And Now Tomorrow , Rachel Field ," June 15, 1942",
Andersonville , McKinley Kantor ," January 1, 1956",
Angels Fall , Nora Roberts ," July 30, 2006",
Ann Vickers , Sinclair Lewis ," January 30, 1933",
Answered Prayers , Danielle Steel ," November 17, 2002",
Anthony Adverse , Hervey Allen ," July 3, 1933",
Any Dream Will Do , Debbie Macomber ," August 27, 2017",
Apprentice In Death , J.D. Robb ," September 25, 2016",
Arch of Triumph , Erich Maria Remarque ,Century) ,
Armageddon , Tim LaHaye and Jerry B. Jenkins ," April 27, 2003",
As the Earth Turns , Gladys Hasty Carroll ," May 8, 1933",
As Times Go By , Mary Higgins Clark ," April 24, 2016",
At First Sight , Nicholas Sparks ," November 6, 2005",
At Risk , Patricia Cornwell ," June 11, 2006",
Auntie Mame , Patrick Dennis ," August 28, 1955",
B. F.'s Daughter , John P. Marquand ," December 1, 1946",
Back to the top of the page. ,,,
Back to the top of the page. ,,,
Back to the top of the page. ,,,
Back to the top of the page. ,,,
Back to the top of the page. ,,,
Back to the top of the page. ,,,
Back to the top of the page. ,,,
Back to the top of the page. ,,,
Bad Moon Rising , Sherrilyn Kenyon ," August 23, 2009",
Bag of Bones , Stephen King ," October 11, 1998",
Beach Music , Pat Conroy ," July 16, 1995",
Beach Road , James Patterson and Peter de Jonge ," May 21, 2006",
Before I Say Good,e ," May 7, 2000",
Believing the Lie , Elizabeth George ," January 29, 2012",
Best Friends Forever , Jennifer Weiner ," August 2, 2009",
Beyond This Place , A.J. Cronin ," October 11, 1953",
Big Little Lies , Liane Moriarty ," August 17, 2014",
Birthright , Nora Roberts ," April 20, 2003",
Bittersweet , Danielle Steel ," April 25, 1999",
Black Hills , Nora Roberts ," July 26, 2009",
Black House , Stephen King and Peter Straub ," September 30, 2001",
Black Notice , Patricia Cornwell ," August 22, 1999",
Black Ops , W.E.B. Griffin ," January 18, 2009",
Bleachers , John Grisham ," September 28, 2003",
Blood Noir , Laurell K. Hamilton ," June 15, 2008",
Bloodline , Sidney Sheldon ," March 12, 1978",
Blow Fly , Patricia Cornwell ," November 2, 2003",
Blue , Danielle Steel ," February 7, 2016",
Bonjour Tristesse , FranÃ§oise Sagan ," May 22, 1955",
Book of the Dead , Patricia Cornwell ," November 11, 2007",
Breakfast of Champions , Kurt Vonnegut ," July 1, 1973",
Bright Skin , Julia Peterkin ," May 2, 1932",
Brotherhood in Death , J.D. Robb ," February 21, 2016",
Bullseye , James Patterson and Michael Ledwidge ," August 21, 2016",
Burn , James Patterson and Michael Ledwidge ," October 19, 2014",
Burr , Gore Vidal ," December 9, 1973",
By Love Possessed , James Gould Cozzens ," September 22, 1957",
Calculated In Death , J.D. Robb ," March 17, 2013",
Calico Joe , John Grisham ," April 29, 2012",
Camino Island , John Grisham ," June 25, 2017",
Captain From Castile , Samuel Shellabarger ," June 10, 1945",
Caught , Harlan Coben ," April 11, 2010",
Cause of Death , Patricia Cornwell ," July 21, 1996",
Celebrity In Death , J.D. Robb ," March 11, 2012",
Cell , Stephen King ," February 12, 2006",
Centennial , James Michener ," October 13, 1974",
Change of Heart , Jodi Picoult ," March 23, 2008",
Changes , Jim Butcher ," April 25, 2010",
Chasing Fire , Nora Roberts ," May 1, 2011",
Chesapeake , James Michener ," July 23, 1978",
Chesapeake Blue , Nora Roberts ," November 24, 2002",
Chill Factor , Sandra Brown ," September 4, 2005",
Chosen Prey , John Sandford ," June 3, 2001",
Circe , Madeline Miller ," April 29, 2018",
Clear and Present Danger , Tom Clancy ," September 3, 1989",
Cold Days , Jim Butcher ," December 16, 2012",
Cold Fire , Dean R. Koontz ," February 3, 1991",
Cold Mountain , Charles Frazier ," August 31, 1997",
Cold Vengeance , Douglas Preston and Lincoln Child ," August 21, 2011",
Colorless Tsukuru Tazaki and His Years of Pilgrimage , Haruki Murakami ," August 31, 2014",
Come and Get It , Edna Ferber ," March 4, 1935",
Come Rain or Come Shine , Jan Karon ," October 11, 2015",
Come Sundown , Nora Roberts ," June 18, 2017",
Cometh the Hour , Jeffrey Archer ," March 6, 2016",
Command Authority , Tom Clancy with Mark Greaney ," December 22, 2013",
Commonwealth , Ann Patchett ," October 2, 2016",
Compulsion , Jonathan Kellerman ," April 13, 2008",
Concealed In Death , J.D. Robb ," March 9, 2014",
Couples , John Updike ," June 30, 1968",
Cross , James Patterson ," December 3, 2006",
Cross Country , James Patterson ," December 7, 2008",
Cross Fire , James Patterson ," December 5, 2010",
Cross Justice , James Patterson ," December 13, 2015",
Cross My Heart , James Patterson ," December 15, 2013",
Cross the Line , James Patterson ," December 11, 2016",
Crossroads of Twilight , Robert Jordan ," January 26, 2003",
Cujo , Stephen King ," August 23, 1981",
Curtain , Agatha Christie ," November 30, 1975",
Daddy , Danielle Steel ," November 26, 1989",
Daddy's Gone A Hunting , Mary Higgins Clark ," April 28, 2013",
Daddy's Little Girl , Mary Higgins Clark ," May 5, 2002",
Dangerous Games , Danielle Steel ," March 26, 2017",
Dark Curse , Christine Feehan ," September 21, 2008",
Dark In Death , J.D. Robb ," February 18, 2018",
Dark Slayer , Christine Feehan ," September 20, 2009",
Dead and Gone , Charlaine Harris ," May 24, 2009",
Dead Ever After , Charlaine Harris ," May 26, 2013",
Dead In the Family , Charlaine Harris ," May 23, 2010",
Dead or Alive , Tom Clancy with Grant Blackwell ," December 26, 2010",
Dead Reckoning , Charlaine Harris ," May 22, 2011",
Deadline , John Sandford ," October 26, 2014",
Deadlocked , Charlaine Harris ," May 20, 2012",
Dear John , Nicholas Sparks ," November 19, 2006",
Debt of Honor , Tom Clancy ," September 4, 1994",
Deliver Us From Evil , David Baldacci ," May 9, 2010",
Desecration , Tim LaHaye and Jerry B. Jenkins ," November 18, 2001",
Desiree , Annemarie Selinko ," March 8, 1953",
Desperation , Stephen King ," October 13, 1996",
Devices and Desires , P. D. James ," February 18, 1990",
Devil Bones , Kathy Reichs ," September 14, 2008",
Different Seasons , Stephen King ," August 15, 1982",
Disclosure , Michael Crichton ," January 23, 1994",
District Nurse , Faith Baldwin ," June 6, 1932",
Divine Justice , David Baldacci ," November 23, 2008",
Doctor Sleep , Stephen King ," October 13, 2013",
Doctor Zhivago , Boris Pasternak ," November 16, 1958",
Dolores Claiborne , Stephen King ," December 6, 1992",
Don't Go Near the Water , William Brinkley ," August 12, 1956",
Double Cross , James Patterson ," December 2, 2007",
Dragon Seed , Pearl S. Buck ," February 9, 1942",
Dragon Tears , Dean R. Koontz ," January 24, 1993",
Dreamcatcher , Stephen King ," April 8, 2001",
Dreams of Joy , Lisa See ," June 19, 2011",
Drowning Ruth , Christina Schwarz ," October 29, 2000",
Drums Along the Mohawk , Walter D. Edmonds ," February 22, 1937",
Duma Key , Stephen King ," February 10, 2008",
Eagle In the Sky , Van Wyck Mason ," March 7, 1948",
Earth and High Heaven , Gwethalyn Graham ," April 22, 1945",
East of Eden , John Steinbeck ," November 2, 1952",
East River , Sholem Asch ," November 24, 1946",
"East Side, West Side ", Marcia Davenport ," February 8, 1948",
Easy Prey , John Sandford ," June 4, 2000",
Edge of Eternity , Ken Follett ," October 5, 2014",
Elevation , Stephen King ," November 18, 2018",
Eleven On Top , Janet Evanovich ," July 10, 2005",
End of Watch , Stephen King ," June 26, 2016",
Escape , Ethel Vance ," October 9, 1939",
Escape Clause , John Sandford ," November 6, 2016",
Europa , Robert Briffault ," September 23, 1935",
Every Breath , Nicholas Sparks ," November 4, 2018",
Everything's Eventual , Stephen King ," April 7, 2002",
Executive Orders , Tom Clancy ," September 1, 1996",
Exodus , Leon Uris ," May 17, 1959",
Explosive Eighteen , Janet Evanovich ," December 11, 2011",
Extreme Measures , Vince Flynn ," November 9, 2008",
Extreme Prey , John Sandford ," May 15, 2016",
Falconer , John Cheever ," May 22, 1977",
Fall of Giants , Ken Follett ," October 17, 2010",
Family Album , Danielle Steel ," March 31, 1985",
Fantasy In Death , J.D. Robb ," March 14, 2010",
Faraway , J.B. Priestley ," August 15, 1932",
Fearless Fourteen , Janet Evanovich ," July 6, 2008",
Finders Keepers , Stephen King ," June 21, 2015",
Fine Things , Danielle Steel ," March 29, 1987",
Finger Lickin' Fifteen , Janet Evanovich ," July 12, 2009",
Fire and Blood , George R.R. Martin ," December 9, 2018",
Firestarter , Stephen King ," September 28, 1980",
First Among Equals , Jeffrey Archer ," August 26, 1984",
First Comes Love , Emily Griffin ," July 17, 2016",
First Family , David Baldacci ," May 10, 2009",
Five Days In Paris , Danielle Steel ," December 3, 1995",
Five Silver Daughters , Louis Golding ," May 28, 1934",
Flash and Bones , Kathy Reichs ," September 11, 2011",
Flood Tide , Clive Cussler ," October 12, 1997",
Flowering Wilderness , John Galsworthy ," November 21, 1932",
Fool Me Once , Harlan Coben ," April 10, 2016",
For One More Day , Mitch Albom ," October 15, 2006",
For Whom the Bell Tolls , Ernest Hemingway ," October 28, 1940",
Ford County , John Grisham ," November 22, 2009",
Forever Amber , Kathleen Winsor ," November 5, 1944",
Four Blind Mice , James Patterson ," December 8, 2002",
Four Past Midnight , Stephen King ," September 16, 1990",
Franny and Zooey , J. D. Sallinger ," October 29, 1961",
Freedom , Jonathan Franzen ," September 19, 2010",
Frenchman's Creek , Daphne du Maurier ," February 16, 1942",
From a Buick 8 , Stephen King ," October 13, 2002",
From Here to Eternity , James Jones ," March 25, 1951",
From Potter's Field , Patricia Cornwell ," August 27, 1995",
From the Corner of His Eye , Dean R. Koontz ," January 14, 2001",
Frost Burned , Patricia Briggs ," March 24, 2013",
Full Circle , Danielle Steel ," June 3, 1984",
Gathering Prey , John Sandford ," May 17, 2015",
Gentlemen's Agreement , Laura Z. Hobson ," April 27, 1947",
Gerald's Game , Stephen King ," July 19, 1992",
Ghost Story , Jim Butcher ," August 14, 2011",
Glass Houses , Louise Penny ," September 17, 2017",
Glorious Appearing , Tim LaHaye and Jerry B. Jenkins ," April 18, 2004",
Go Set a Watchman , Harper Lee ," August 2, 2015",
Golden Prey , John Sandford ," May 14, 2017",
Gone , Jonathan Kellerman ," April 16, 2006",
Gone Girl , Gillian Flynn ," July 15, 2012",
Gone Tomorrow , Lee Child ," June 7, 2009",
Gone With the Wind , Margaret Mitchell ," July 13, 1936",
Good as Gold , Joseph Heller ," April 15, 1979",
Gorky Park , Martin Cruz Smith ," April 26, 1981",
Gray Mountain , John Grisham ," November 9, 2014",
Green Dolphin Street , Elizabeth Goudge ,McCann) ,
Green Light , Lloyd C. Douglas ," April 29, 1935",
Handle With Care , Jodi Picoult ," March 22, 2009",
Hannibal , Thomas Harris ," June 27, 1999",
Hard Eight , Janet Evanovich ," July 7, 2002",
Harry Potter and the Chamber of Secrets , J.K. Rowling ," June 20, 1999",
Harry Potter and the Prisoner of Azkaban , J.K. Rowling ," September 26, 1999",
Harry Potter and the Sorcerer's Stone , J.K. Rowling ," August 15, 1999",
Hawaii , James Michener ," January 17, 1960",
Heartbeat , Danielle Steel ," February 24, 1991",
Heat Rises , Richard Castle ," October 9, 2011",
Heaven's My Destination , Thornton Wilder ," January 21, 1935",
Heir to the Empire , Timothy Zahn ," June 30, 1991",
Hell's Corner , David Baldacci ," November 28, 2010",
Herzog , Saul Bellow ," October 25, 1964",
Hideaway , Dean R. Koontz ," February 2, 1992",
Hit List , Laurell K. Hamilton ," June 26, 2011",
Hold the Dream , Barbara Taylor Bradford ," June 9, 1985",
Hold Tight , Harlan Coben ," May 4, 2008",
Home , Harlan Coben ," October 9, 2016",
Home Front , Kristin Hannah ," February 19, 2012",
Honeymoon , James Patterson and Howard Roughan ," March 6, 2005",
Hope to Die , James Patterson ," December 14, 2014",
Hornet's Nest , Patricia Cornwell ," February 2, 1997",
Hot Six , Janet Evanovich ," July 9, 2000",
Hour Game , David Baldacci ," November 14, 2004",
House Divided , Ben Ames Williams ," November 9, 1947",
House of Spies , Daniel Silva ," July 30, 2017",
House Rules , Jodi Picoult ," March 21, 2010",
How Green Was My Valley , Richard Llewellyn ," March 4, 1940",
How Stella Got Her Groove Back , Terry McMillan ," May 19, 1996",
How the Light Gets In , Louise Penny ," September 15, 2013",
I Heard That Song Before , Mary Higgins Clark ," April 22, 2007",
I Know This Much Is True , Wally Lamb ," July 5, 1998",
"I, Alex Cross ", James Patterson ," December 6, 2009",
"I, Claudius ", Robert Graves ," July 23, 1934",
I'll Take Manhattan , Judith Krantz ," May 25, 1986",
I've Got My Eyes on You , Mary Higgins Clark ," April 22, 2018",
I've Got You Under My Skin , Mary Higgins Clark ," April 27, 2014",
If I Have Four Apples , Josephine Lawrence ," January 20, 1936",
If Tomorrow Comes , Sidney Sheldon ," February 3, 1985",
In This Mountain , Jan Karon ," June 16, 2002",
Indwelling , Tim LaHaye and Jerry B. Jenkins ," June 11, 2000",
Inferno , Dan Brown ," June 2, 2013",
Innocent In Death , J.D. Robb ," March 11, 2007",
Insomnia , Stephen King ," October 23, 1994",
Intensity , Dean R. Koontz ," January 28, 1996",
Into the Water , Paula Hawkins ," May 28, 2017",
Invisible , James Patterson and David Ellis ," July 13, 2014",
Invitation to the Waltz , Rosamond Lehmann ," November 14, 1932",
Isle of Dogs , Patricia Cornwell ," October 28, 2001",
It , Stephen King ," September 14, 1986",
It Can't Happen Here , Sinclair Lewis ," November 4, 1935",
Jailbird , Kurt Vonnegut ," October 7, 1979",
Jewels , Danielle Steel ," May 17, 1992",
Johnny Angel , Danielle Steel ," July 20, 2003",
Jonathan Livingston Seagull , Richard Bach ," July 2, 1972",
Journey Through Heartsongs , Mattie J. T. Stepanek ," February 3, 2002",
Joy Street , Francis Parkinson Keyes ," January 14, 1951",
Jubal Sackett , Louis L'Amour ," June 2, 1985",
Judge & Jury , James Patterson and Andrew Gross ," August 20, 2006",
Juror #3 , James Patterson and Nancy Allen ," September 30, 2018",
Just Take My Heart , Mary Higgins Clark ," May 3, 2009",
Kaleidoscope , Danielle Steel ," October 25, 1987",
Kill Alex Cross , James Patterson ," December 4, 2011",
Kill Me If You Can , James Patterson and Marshall Karp ," September 18, 2011",
Kill Shot , Vince Flynn ," February 26, 2012",
Kingdom of the Blind , Louise Penny ," December 16, 2018",
Kingsblood Royal , Sinclair Lewis ," July 6, 1947",
Kiss the Dead , Laurell K. Hamilton ," June 24, 2012",
Kitty Foyle , Christopher Morley ," November 20, 1939",
Knife of Dreams , Robert Jordan ," October 30, 2005",
Knockout , Catherine Coulter ," July 5, 2009",
L Is For Lawless , Sue Grafton ," September 17, 1995",
Lake Wobegon Days , Garrison Keillor ," September 15, 1985",
Lamb In His Bosom , Caroline Miller ," May 21, 1934",
Lark Ascending , Mazo De La Roche ," August 22, 1932",
Last of the Breed , Louis L'Amour ," June 22, 1986",
Lean Mean Thirteen , Janet Evanovich ," July 8, 2007",
Leap of Faith , Danielle Steel ," July 15, 2001",
Leaving Time , Jodi Picoult ," November 2, 2014",
Lethal White , Robert Galbraith ," October 7, 2018",
Leverage In Death , J.D.Robb ," September 23, 2018",
Lie Down with Lions , Ken Follett ," February 16, 1986",
Lifeguard , James Patterson and Andrew Gross ," July 31, 2005",
Lincoln In the Bardo , George Saunders ," March 5, 2017",
Lisey's Story , Stephen King ," November 12, 2006",
"Little Man, What Now? ", Hans Fallada ," June 12, 1933",
Live Wire , Harlan Coben ," April 10, 2011",
Lolita , Vladimir Nakobov ," September 28, 1958",
London Bridges , James Patterson ," November 28, 2004",
Lone Wolf , Jodi Picoult ," March 18, 2012",
Long Lost , Harlan Coben ," April 19, 2009",
Look Alive Twenty,,Five - Janet Evanovich (Putnam) ,
Looking for Mr. Goodbar , Judith Rossner ," August 3, 1975",
Lord Vanity , Samuel Shellabarger ," November 29, 1953",
Lost Horizon , James Hilton ," December 3, 1934",
Love Is Eternal , Irving Stone ," October 17, 1954",
Love Story , Erich Segal ," May 10, 1970",
Lover At Last , J.R. Ward ," April 14, 2013",
Lover Reborn , J.R. Ward ," April 15, 2012",
"Loves Music, Loves to Dance ", Mary Higgins Clark ," May 12, 1991",
Lucky , Jackie Collins ," September 1, 1985",
Lucy Gayheart , Willa Cather ," August 12, 1935",
Lydia Bailey , Kenneth Roberts ," February 2, 1947",
Magic , Danielle Steel ," July 24, 2016",
Magnolia Street , Louis Golding ," April 4, 1932",
Maid In Waiting , John Galsworthy ," November 16, 1931",
Make Me , Lee Child ," September 27, 2015",
Marjorie Morningstar , Herman Wouk ," October 2, 1955",
Mary Anne , Daphne du Maurier ," August 1, 1954",
"Mary, Mary ", James Patterson ," December 4, 2005",
Mary's Neck , Booth Tarkington ," February 15, 1932",
Master of the Game , Sidney Sheldon ," September 12, 1982",
Memnoch the Devil , Anne Rice ," July 30, 1995",
Memories of Midnight , Sidney Sheldon ," September 2, 1990",
Memory Man , David Baldacci ," May 10, 2015",
Metro Girl , Janet Evanovich ," November 21, 2004",
Midnight , Dean R. Koontz ," February 5, 1989",
Midnight Bayou , Nora Roberts ," November 4, 2001",
Misery , Stephen King ," June 7, 1987",
Missing You , Harlan Coben ," April 6, 2014",
Mississippi Blood , Greg Iles ," April 9, 2017",
Mistral's Daughter , Judith Krantz ," February 20, 1983",
Mixed Blessings , Danielle Steel ," November 22, 1992",
Moment In Peking , Lin Yutang ," December 25, 1939",
Moonlight Becomes You , Mary Higgins Clark ," April 21, 1996",
Morning Star , Pierce Brown ," February 28, 2016",
Moscow Rules , Daniel Silva ," August 10, 2008",
Mr. and Mrs. Pennington , Francis Brett Young ," January 25, 1932",
Mr. Mercedes , Stephen King ," June 22, 2014",
Mrs. Miniver , Jan Struther ," August 19, 1940",
My Cousin Rachel , Daphne du Maurier ," March 30, 1952",
My Name Is Lucy Barton , Elizabeth Strout ," January 31, 2016",
"My Son, My Son! ", Howard Spring ," July 11, 1938",
N Is for Noose , Sue Grafton ," May 31, 1998",
Naked Prey , John Sandford ," June 1, 2003",
Native Son , Richard Wright ," March 18, 1940",
Never Go Back , Lee Child ," September 22, 2013",
Never Never , James Patterson and Candice Fox ," February 5, 2017",
New York to Dallas , J.D. Robb ," October 2, 2011",
Night Fall , Nelson DeMille ," December 12, 2004",
Night School , Lee Child ," November 27, 2016",
Nights in Rodanthe , Nicholas Sparks ," October 6, 2002",
Nineteen Minutes , Jodi Picoult ," March 25, 2007",
No Place Like Home , Mary Higgins Clark ," April 24, 2005",
Noble House , James Clavell ," May 10, 1981",
Norse Mythology , Neil Gaiman ," February 26, 2017",
North and South , John Jakes ," February 28, 1982",
Northern Lights , Nora Roberts ," October 31, 2004",
Northwest Passage , Kenneth Roberts ," July 19, 1937",
Not as a Stranger , Morton Thompson ," February 14, 1954",
Nothing to Lose , Lee Child ," June 22, 2008",
Notorious Nineteen , Janet Evanovich ," December 9, 2012",
Now In November , Josephine Johnson ," May 20, 1935",
Now You See Her , James Patterson and Michael Ledwidge ," July 17, 2011",
NYPD Red 2 , James Patterson and Marshall Karp ," April 13, 2014",
NYPD Red 4 , James Patterson and Marshall Karp ," February 14, 2016",
Oathbringer , Brandon Sanderson ," December 3, 2017",
Odd Hours , Dean R. Koontz ," June 8, 2008",
Of Time and the River , Thomas Wolfe ," March 18, 1935",
Off the Grid , C.J. Box ," March 27, 2016",
"Oh, the Places You'll Go ", Dr. Seuss ," March 4, 1990",
Oliver Wiswell , Kenneth Roberts ," December 2, 1940",
Oliver's Story , Erich Segal ," April 10, 1977",
On the Street Where You Live , Mary Higgins Clark ," May 6, 2001",
Once Is Not Enough , Jacqueline Susann ," May 6, 1973",
One Door Away From Heaven , Dean R. Koontz ," January 20, 2002",
Origin , Dan Brown ," October 22, 2017",
Overload , Arthur Hailey ," February 25, 1979",
P Is For Peril , Sue Grafton ," June 24, 2001",
Paradise , Toni Morrison ," February 1, 1998",
Past Tense , Lee Child ," November 25, 2018",
Paths of Glory , Humphrey Cobb ," June 17, 1935",
Patriot Games , Tom Clancy ," August 2, 1987",
Personal , Lee Child ," September 21, 2014",
Pet Sematary , Stephen King ," November 13, 1983",
Peyton Place , Grace Metalious ," November 25, 1956","Mulholland/Little, Brown) "
Phantom , Terry Goodkind ," August 6, 2006",
Pilgrim's Inn , Elizabeth Goudge ,McCann) ,
Playing For Pizza , John Grisham ," October 14, 2007",
Plum Island , Nelson DeMille ," June 15, 1997",
Plum Lovin' , Janet Evanovich ," January 28, 2007",
Plum Lucky , Janet Evanovich ," January 27, 2008",
Plum Spooky , Janet Evanovich ," January 25, 2009",
Point Blank , Catherine Coulter ," September 11, 2005",
Point of No Return , John P. Marquand ," April 10, 1949",
Point of Origin , Patricia Cornwell ," July 26, 1998",
Poland , James Michener ," September 11, 1983",
Polar Shift , Clive Cussler with Paul Kemprecos ," September 18, 2005",
Polar Star , Martin Cruz Smith ," August 6, 1989",
Politically Correct Bedtime Stories , James Finn Garner ," December 11, 1994",
Port Mortuary , Patricia Cornwell ," December 19, 2010",
Portnoy's Complaint , Philip Roth ," March 16, 1969",
Power Play , Danielle Steel ," March 30, 2014",
Predator , Patricia Cornwell ," November 13, 2005",
Presumed Innocent , Scott Turow ," July 26, 1987",
Pretend You Don't See Her , Mary Higgins Clark ," May 4, 1997",
Prey , Michael Crichton ," December 15, 2002",
Primary Colors , Anonymous ," February 18, 1996",
Princess Daisy , Judith Krantz ," February 17, 1980",
Private , James Patterson and Maxine Paetro ," July 18, 2010",
Private Berlin , James Patterson and Mark Sullivan ," February 10, 2013",
Private Games , James Patterson and Mark Sullivan ," March 4, 2012",
Private L.A. , James Patterson and Mark Sullivan ," March 2, 2014",
Private Paris , James Patterson and Mark Sullivan ," April 3, 2016",
Private: #1 Suspect , James Patterson and Maxine Paetro ," January 22, 2012",
Promises In Death , J.D. Robb ," March 15, 2009",
Protect and Defend , Vince Flynn ," November 18, 2007",
Q Is For Quarry , Sue Grafton ," November 3, 2002",
QB VII , Leon Uris ," February 21, 1971",
R Is For Ricochet , Sue Grafton ," August 1, 2004",
Radiant Angel , Nelson DeMille ," June 14, 2015",
Rage of Angels , Sidney Sheldon ," July 13, 1980",
Ragtime , E. L. Doctorow ," August 24, 1975",
Rain In the Doorway , Thorne Smith ," April 24, 1933",
Rainbow Six , Tom Clancy ," August 23, 1998",
Raintree County , Ross Lockridge ," April 25, 1948",
"Raise High the Roof Beam, Carpenters ", J. D. Sallinger ," March 10, 1963",
Random Harvest , James Hilton ," February 17, 1941",
Razor's Edge , Somerset Maugham ," August 20, 1944",
Rebecca , Daphne du Maurier ," October 24, 1938",
Red Rabbit , Tom Clancy ," August 25, 2002",
Red Storm Rising , Tom Clancy ," August 17, 1986",
Redemption , David Baldacci ," May 5, 2019",
Relentless , Dean Koontz ," June 28, 2009",
Remember Me , Mary Higgins Clark ," May 22, 1994",
Revival , Stephen King ," November 30, 2014",
Right Behind You , Lisa Gardner ," February 19, 2017",
Rise and Shine , Anna Quindlen ," September 17, 2006",
Rising Sun , Michael Crichton ," March 1, 1992",
Rogue Lawyer , John Grisham ," November 8, 2015",
S Is For Silence , Sue Grafton ," December 25, 2005",
Safe Haven , Nicolas Sparks ," October 3, 2010",
Sail , James Patterson and Howard Roughan ," June 29, 2008",
Sam's Letters to Jennifer , James Patterson ," July 18, 2004",
Sanfelice , Vincent Sheean ," July 6, 1936",
Saratoga Trunk , Edna Ferber ," November 17, 1941",
Scarlett , Alexandra Ripley ," October 13, 1991",
Scarpetta , Patricia Cornwell ," December 21, 2008",
Scruples , Judith Krantz ," June 18, 1978",
See Me , Nicholas Sparks ," November 1, 2015",
Seeing Red , Sandra Brown ," September 3, 2017",
September , Rosamunde Pilcher ," April 22, 1990",
Servant of the Bones , Anne Rice ," August 25, 1996",
Seven Days in May , Fletcher Knebel ," November 18, 1962",
Seven Gothic Tales , Isak Dinesen ," April 30, 1934",
Seven Up , Janet Evanovich ," July 8, 2001",
Shadow of Night , Deborah Harkness ," July 29, 2012",
Shadowfever , Karen Marie Moning ," February 6, 2011",
Shannon's Way , A.J. Cronin ," September 5, 1948",
Ship of Fools , Katherine Anne Porter ," April 29, 1962",
Shock Wave , John Sandford ," October 23, 2011",
Shopaholic & Ba, ," March 18, 2007",
Silent Honor , Danielle Steel ," December 1, 1996",
Silver Borne , Patricia Briggs ," April 18, 2010",
Simple Genius , David Baldacci ," May 13, 2007",
"Sincerely, Willis Wayde ", John P. Marquand ," April 10, 1955",
Six Years , Harlan Coben ," April 7, 2013",
Sizzling Sixteen , Janet Evanovich ," July 11, 2010",
Skeleton Crew , Stephen King ," June 23, 1985",
Skin Game , Jim Butcher ," June 15, 2014",
Skin Trade , Laurell K. Hamilton ," June 21, 2009",
Skipping Christmas , John Grisham ," December 9, 2001",
Sleeping Beauties , Stephen King and Owen King ," October 15, 2017",
Sleeping Murder , Agatha Christie ," November 7, 1976",
Slow Waltz in Cedar Bend , Robert James Waller ," November 14, 1993",
Small Great Things , Jodi Picoult ," October 30, 2016",
Smiley's People , John le Carré ," January 20, 1980",
Smoke Screen , Sandra Brown ," August 31, 2008",
Smokin' Seventeen , Janet Evanovich ," July 10, 2011",
So Little Time , John P. Marquand ," September 6, 1943",
So Red the Rose , Stark Young ," August 6, 1934",
So Well Remembered , James Hilton ," September 23, 1945",
Sole Survivor , Dean R. Koontz ," March 2, 1997",
Something Happened , Joseph Heller ," February 9, 1975",
Something of Value , Robert Ruark ," July 3, 1955",
Song of Susannah , Stephen King ," June 27, 2004",
Sons , Pearl S. Buck ," October 3, 1932",
Sophie's Choice , William Styron ," July 22, 1979",
South of Broad , Pat Conroy ," August 30, 2009",
Southern Cross , Patricia Cornwell ," January 31, 1999",
Space , James Michener ," October 10, 1982",
Sparkenbroke , Charles Morgan ," April 27, 1936",
Special Delivery , Danielle Steel ," July 20, 1997",
Star , Danielle Steel ," February 26, 1989",
Star Wars Episode I ,, The Phantom Menace - Terry Brooks (Lucas/Ballantine) ,
Star Wars: The Force Awakens , Alan Dean Foster ," January 24, 2016",
Stars on the Sea , F. Van Wyck Mason ," June 10, 1940",
Starting Now , Debbie Macomber ," April 21, 2013",
Stay Close , Harlan Coben ," April 8, 2012",
Step On a Crack , James Patterson and Michael Ledwidge ," February 25, 2007",
Stolen Prey , John Sandford ," June 3, 2012",
Stone Cold , David Baldacci ," November 25, 2007",
Storm Front , John Sandford ," October 27, 2013",
Strange Fruit , Lillian Smith ," April 16, 1944",Random House) 
Sundays At Tiffany's , James Patterson and Gabrielle Charbonnet ," May 18, 2008",
Suzanne's Diary for Nicholas , James Patterson ," August 5, 2001",
Swimsuit , James Patterson and Maxine Paetro ," July 19, 2009",
Sycamore Row , John Grisham ," November 10, 2013",
T Is For Trespass , Sue Grafton ," December 23, 2007",
Tailspin , Sandra Brown ," August 26, 2018",
Takedown Twenty , Janet Evanovich ," December 8, 2013",
Taken , Robert Crais ," February 12, 2012",
Taltos , Anne Rice ," October 16, 1994",
Ten Big Ones , Janet Evanovich ," July 11, 2004",
Tender Is the Night , F. Scott Fitzgerald ," May 7, 1934",
Texas , James Michener ," October 13, 1985",
Texas Ranger , James Patterson and Andrew Bourelle ," September 2, 2018",
The 17th Suspect , James Patterson and Maxine Paetro ," May 20, 2018",
The 5th Horseman , James Patterson and Maxine Paetro ," March 5, 2006",
The 6th Target , James Patterson and Maxine Paetro ," May 27, 2007",
The 8th Confession , James Patterson and Maxine Paetro ," May 17, 2009",
The 9th Judgment , James Patterson and Maxine Paetro ," May 16, 2010",
The Affair , Lee Child ," October 16, 2011",
The Agony and the Ecstasy , Irving Stone ," April 23, 1961",
The Alibi , Sandra Brown ," September 19, 1999",
The Appeal , John Grisham ," February 17, 2008",
The Aquitaine Progression , Robert Ludlum ," March 11, 1984",
The Arrangement , Elia Kazan ," March 26, 1967",
The Associate , John Grisham ," February 15, 2009",
The Bad Place , Dean R. Koontz ," February 4, 1990",
The Ballad and the Source , Rosamond Lehmann ," April 29, 1945",
The Bazaar of Bad Dreams , Stephen King ," November 22, 2015",
The Beach House , James Patterson and Peter de Jonge ," June 30, 2002",
The Bear and the Dragon , Tom Clancy ," September 10, 2000",
The Beloved Returns , Thomas Mann ," September 9, 1940",
The Best of Me , Nicolas Sparks ," October 30, 2011",
The Big Fisherman , Lloyd C. Douglas ," December 19, 1948",
The Black Book , James Patterson and David Ellis ," April 16, 2017",
The Black Rose , Thomas Costain ," October 7, 1945",
The Black Widow , Daniel Silva ," July 31, 2016",
The Bonfire of the Vanities , Tom Wolfe ," January 24, 1988",
The Book of Fate , Brad Meltzer ," September 24, 2006",
The Book of Life , Deborah Harkness ," August 3, 2014",
The Bourne Identity , Robert Ludlum ," March 23, 1980",
The Bourne Supremacy , Robert Ludlum ," March 9, 1986",
The Bourne Ultimatum , Robert Ludlum ," March 18, 1990",
The Brass Verdict , Michael Connelly ," November 2, 2008",
The Brethren , John Grisham ," February 20, 2000",
The Bridges of Madison County , Robert James Waller ," January 31, 1993",
The Broker , John Grisham ," January 30, 2005",
The Burden of Proof , Scott Turow ," June 17, 1990",
The Caine Mutiny , Herman Wouk ," August 12, 1951",
The Cardinal , Henry Morton Robinson ," April 30, 1950",
The Cardinal and the Kremlin , Tom Clancy ," August 7, 1988",
The Cast , Danielle Steel ," June 3, 2018",
The Casual Vacancy , J.K. Rowling ," October 14, 2012",
The Celestine Prophecy , James Redfield ," April 3, 1994",
The Chamber , John Grisham ," June 12, 1994",
The Children of the Hurin , J.R.R. Tolkien ," May 6, 2007",
The Chosen , Chiam Potok ," October 1, 1967",
The Christmas Box , Richard Paul Evans ," December 17, 1995",
The Christmas Sweater , Glenn Beck with Kevin Balfe and Jason Wright ," November 30, 2008",
The Cider House Rules , John Irving ," June 16, 1985",
The Citadel , A.J. Cronin ," October 4, 1937",
The City of Mirrors , Justin Cronin ," June 12, 2016",
The Client , John Grisham ," March 21, 1993",
The Closers , Michael Connelly ," June 5, 2005",
The Collector , Nora Roberts ," May 4, 2014",
The Confession , John Grisham ," November 14, 2010",
The Confessions of Nat Turner , William Styron ," November 5, 1967",
The Corrections , Jonathan Franzen ," October 14, 2001",
The Covenant , James Michener ," November 2, 1980",
The Cuban Affair , Nelson DeMille ," October 8, 2017",
The Cuckoo's Calling , Robert Galbraith ," August 11, 2013",
The Cutthroat , Clive Cussler and Justin Scott ," April 2, 2017",
The Da Vinci Code , Dan Brown ," April 6, 2003",
The Dark Half , Stephen King ," November 5, 1989",
The Dark Tower , Stephen King ," October 10, 2004",
The Day of the Jackal , Frederick Forsyth ," October 17, 1971",
The Dead Zone , Stephen King ," October 14, 1979",
The Deep End of the Ocean , Jacquelyn Mitchard ," October 6, 1996",
The Defector , Daniel Silva ," August 9, 2009",
The Diary of Ellen Rimbauer , Joyce Reardon ," February 17, 2002",
The Disappeared , C.J. Box ," April 15, 2018",
The Disenchanted , Budd Schulberg ," December 3, 1950",
The Doctor , Mary Roberts Rinehart ," June 8, 1936",
The Drop , Michael Connelly ," December 18, 2011",
The Egyptian , Mika Waltari ," October 30, 1949",
The Eighth Day , Thornton Wilder ," June 4, 1967",
The Emperor's Revenge , Clive Cussler and Boyd Morrison ," June 19, 2016",
The End of Desire , Robert Herrick ," February 8, 1932",
The English Girl , Daniel Silva ," August 4, 2013",
The English Spy , Daniel Silva ," July 19, 2015",
The Escape , David Baldacci ," December 7, 2014",
The Establishment , Howard Fast ," October 28, 1979",
The Exorcist , William Peter Blatty ," July 25, 1971",
The Eyes of the Dragon , Stephen King ," February 1, 1987",
The Fall of Gondolin , J.R.R. Tolkien ," September 16, 2018",
The Fallen , David Baldacci ," May 6, 2018",
The Fallen Angel , Daniel Silva ," August 5, 2012",
The Fifth Witness , Michael Connelly ," April 24, 2011",
The Fireman , Joe Hill ," June 5, 2016",
The First Phone Call From Heaven , Mitch Albom ," December 1, 2013",
The Five People You Meet In Heaven , Mitch Albom ," October 12, 2003",
The Fix , David Baldacci ," May 7, 2017",
The Force Unleashed , Sean Williams ," September 7, 2008",
The Forty Days of Musa Dagh , Franz Werfel ," December 10, 1934",
The Fountain , Charles Morgan ," June 13, 1932",
The Fourth Hand , John Irving ," July 29, 2001",
The Fourth Protocol , Frederick Forsyth ," September 16, 1984",
The French Lieutenant's Woman , John Fowles ," February 8, 1970",
The Gabriel Hounds , Mary Stewart ," October 29, 1967",
The Gangster , Clive Cussler and Justin Scott ," March 20, 2016",
The Gate House , Nelson DeMille ," November 16, 2008",
The Gathering Storm , Robert Jordan and Brandon Sanderson ," November 15, 2009",
The Ghost , Danielle Steel ," November 30, 1997",
The Gift , Danielle Steel ," August 7, 1994",
The Girl In the Spider's Web , David Lagercrantz ," September 20, 2015",
The Girl on the Train , Paula Hawkins ," February 8, 2015",
The Girl Who Kicked the Hornet's Nest , Stieg Larsson ," June 13, 2010",
The Girl Who Loved Tom Gordon , Stephen King ," May 2, 1999",
The Girl Who Played With Fire , Stieg Larsson ," August 16, 2009",
The Glass Blowers , Daphne du Maurier ," May 19, 1963",
The Godfather , Mario Puzo ," September 21, 1969",
The Goldfinch , Donna Tartt ," January 19, 2014",
The Good Earth , Pearl S. Buck ," May 16, 1932",
The Grapes of Wrath , John Steinbeck ," May 1, 1939",
The Great Alone , Kristin Hannah ," February 25, 2018",
The Green Years , A.J. Cronin ," December 31, 1944",
The Group , Mary McCarthy ," October 6, 1963",
The Harbourmaster , William McFee ," January 11, 1932",
The Haunted Mesa , Louis L'Amour ," May 31, 1987",
The Heist , Daniel Silva ," August 10, 2014",
The Help , Kathryn Stockett ," January 24, 2010",
The Historian , Elizabeth Kostova ," July 3, 2005",
The History of Rome Hanks , Joseph S. Pennell ," September 10, 1944",
The Hit , David Baldacci ," May 12, 2013",
The Holcroft Covenant , Robert Ludlum ," July 9, 1978",
The Hollow Hills , Mary Stewart ," September 9, 1973",
The Honorary Consul , Graham Greene ," November 25, 1973",
The Horse Whisperer , Nicholas Evans ," October 1, 1995",
The Host , Stephenie Meyer ," May 25, 2008",
The Hostage , W. E. B. Griffin ," January 22, 2006",
The Hotel New Hampshire , John Irving ," September 27, 1981",
The House , Danielle Steel ," March 19, 2006",
The House on Hope Street , Danielle Steel ," July 16, 2000",
The Hucksters , Frederic Wakeman ," July 14, 1946",
The Husband , Dean Koontz ," June 18, 2006",
The Icarus Agenda , Robert Ludlum ," March 20, 1988",
The Ides of March , Thornton Wilder ," April 4, 1948",
The Inner Circle , Brad Meltzer ," January 30, 2011",
The Innocent , David Baldacci ," May 6, 2012",
The Invention of Wings , Sue Monk Kidd ," January 26, 2014",
The Jester , James Patterson and Andrew Gross ," March 23, 2003",
The Jungle , Clive Cussler with Jack Du Brul ," March 27, 2011",
The Key to Rebecca , Ken Follett ," October 19, 1980",
The Keys to the Kingdom , A.J. Cronin ," August 4, 1941",
The King , J.R. Ward ," April 20, 2014",
The King of Torts , John Grisham ," February 23, 2003",
The King's General , Daphne du Maurier ," February 3, 1946",
The Kiss , Danielle Steel ," November 11, 2001",
The Kitchen God's Wife , Amy Tan ," July 7, 1991",
The Klone and I , Danielle Steel ," July 12, 1998",
The Lake House , James Patterson ," June 29, 2003",
The Land of the Painted Caves , Jean M. Auel ," April 17, 2011",
The Last Adam , James G. Cozzens ," January 16, 1933",
The Last Enchantment , Mary Stewart ," September 9, 1979",
The Last Hurrah , Edwin O'Connor ," March 25, 1956",
The Last Juror , John Grisham ," February 22, 2004",
The Last Man , Vince Flynn ," December 2, 2012","Mullholland Books/Little, Brown) "
The Last Mile , David Baldacci ," May 8, 2016",
The Last of the Just , Andre Schwarz,Bart (Atheneum) ,
The Last Patriot , Brad Thor ," July 20, 2008",
The Last Precinct , Patricia Cornwell ," November 5, 2000",
The Last Puritan , George Santayana ," February 10, 1936",
The Last Song , Nicholas Sparks ," September 27, 2009",
The Late Show , Michael Connelly ," August 6, 2017",
The Lincoln Lawyer , Michael Connelly ," October 23, 2005",
The Litigators , John Grisham ," November 13, 2011",Hyperion) 
The Little Drummer Girl , John le Carré ," March 20, 1983",
The Long Road Home , Danielle Steel ," April 26, 1998",
The Long Way Home , Louise Penny ," September 14, 2014",
The Longest Ride , Nicolas Sparks ," October 6, 2013",
The Lost Symbol , Dan Brown ," October 4, 2009",
The Lost World , Michael Crichton ," October 8, 1995",
The Lost Years , Mary Higgins Clark ," April 22, 2012",
The Love Machine , Jacqueline Susann ," June 22, 1969",
The Lovely Bones , Alice Sebold ," August 18, 2002",
The Lucky One , Nicholas Sparks ," October 19, 2008",
The Magician's Land , Lev Grossman ," August 24, 2014",
The Mammoth Hunters , Jean M. Auel ," November 24, 1985",
The Man From St. Petersburg , Ken Follett ," June 6, 1982",
The Mark , Tim LaHaye and Jerry B. Jenkins ," December 3, 2000",
The Matarese Circle , Robert Ludlum ," April 8, 1979",
The Mermaid Chair , Sue Monk Kidd ," June 26, 2005",
The Midnight Line , Lee Child ," November 26, 2017",
The Mistress , Danielle Steel ," January 22, 2017",
The Moneychangers , Arthur Hailey ," May 4, 1975",
The Moneyman , Thomas Costain ," August 17, 1947",
The Moon Is Down , John Steinbeck ," March 23, 1942",
The Murder House , James Patterson with David Ellis ," October 18, 2015",
The Naked and the Dead , Norman Mailer ," June 20, 1948",
The Name of the Rose , Umberto Eco ," August 7, 1983",
The Nannie Diaries , Emma McLaughlin and Nicola Kraus ," April 28, 2002",
The Nazarene , Sholem Asch ," December 18, 1939",
The Next Person You Meet in Heaven , Mitch Albom ," October 28, 2018",
The Obsession , Nora Roberts ," May 1, 2016",
The Ocean at the End of the Lane , Neil Gaiman ," July 7, 2013",
The Odessa File , Frederick Forsyth ," March 25, 1973",
The Omen Machine , Terry Goodkind ," September 4, 2011",
The One and Only , Emily Giffin ," June 8, 2014",
The Oppermanns , Lion Feuchtwanger ," April 2, 1934",
The Other Woman , Daniel Silva ," August 5, 2018",
The Outsider , Stephen King ," June 10, 2018",
The Outward Room , Millen Brand ," May 17, 1937",
The Overton Window , Glenn Beck ," July 4, 2010",
The Panther , Nelson DeMille ," November 4, 2012",
The Parasites , Daphne du Maurier ," February 19, 1950",
The Parsifal Mosaic , Robert Ludlum ," March 21, 1982",
The Partner , John Grisham ," March 16, 1997",
The Passions of the Mind , Irving Stone ," April 25, 1971",
The Path of Daggers , Robert Jordan ," November 8, 1998",
The Pelican Brief , John Grisham ," March 15, 1992",
The People vs. Alex Cross , James Patterson ," December 10, 2017",
The Plains of Passage , Jean M. Auel ," October 21, 1990",
The Postcard Killers , James Patterson and Liza Marklund ," September 5, 2010",
The President Is Missing , James Patterson and Bill Clinton ," June 24, 2018",
The Prodigal Daughter , Jeffrey Archer ," July 4, 1982",
The Prodigal Parents , Sinclair Lewis ," February 7, 1938",
The Prodigal Women , Nancy Hale ," November 2, 1942",
The Queen of the Damned , Anne Rice ," October 30, 1988",
The Quickie , James Patterson and Michael Ledwidge ," July 22, 2007",
The Racketeer , John Grisham ," November 11, 2012",
The Rainmaker , John Grisham ," April 30, 1995",
The Reckoning , John Grisham ," November 11, 2018",
The Rector of Justin , Louis Auchincloss ," October 4, 1964",
The Rembrandt Affair , Daniel Silva ," August 8, 2010",
The Remnant , Tim LaHaye and Jerry B. Jenkins ," July 21, 2002",
The Rescue , Nicholas Sparks ," October 15, 2000",
The Return of the Jedi , Joan D. Vinge ," June 12, 1983",
The Reversal , Michael Connelly ," October 24, 2010",
The Rising , Tim LaHaye and Jerry B. Jenkins ," April 3, 2005",
The Rising Sea , Clive Cussler and Graham Brown ," April 1, 2018",
The Robe , Lloyd C. Douglas ," December 21, 1942",
The Rooster Bar , John Grisham ," November 12, 2017",
The Runaway Jury , John Grisham ," June 2, 1996",
The Russia House , John le Carré ," June 11, 1989",
The Salzburg Connection , Helen MacInnes ," November 10, 1968",
The Sands of Time , Sidney Sheldon ," November 20, 1988",
The Satanic Verses , Salman Rushdie ," March 26, 1989",
The Scapegoat , Daphne du Maurier ," March 24, 1957",
The Scarecrow , Michael Connelly ," June 14, 2009",
The Search , Nora Roberts ," July 25, 2010",
The Secret of Santa Vittoria , Robert Crichton ," November 20, 1966",
The Secret Pilgrim , John le Carré ," January 20, 1991",
The Seeress of Kell , David Eddings ,Ballantine) ,
The Shadow of Your Smile , Mary Higgins Clark ," May 2, 2010",
The Sheltered Life , Ellen Glasgow ," September 12, 1932",
The Shelters of Stone , Jean M. Auel ," May 19, 2002",
The Shoes of the Fisherman , Morris West ," June 30, 1963",
The Sicilian , Mario Puzo ," January 20, 1985",
The Silent Patient , Alex Michaelides ," February 24, 2019",
The Silmarillion , J.R.R. Tolkien ," October 2, 1977",
The Silver Chalice , Thomas Costain ," September 7, 1952",
The Sixth Man , David Baldacci ," May 8, 2011",
The Song of Bernadette , Franz Werfel ," July 20, 1942",
The Source , James Michener ," July 11, 1965",
The Spy Who Came in from the Cold , John le Carré ,McCann) ,
The Stand , Stephen King ," May 13, 1990",
The Stars Shine Down , Sidney Sheldon ," October 18, 1992",
The Store , T.S. Stribling ," May 22, 1933",
The Storm , Clive Cussler and Graham Brown ," June 17, 2012",
The Story of Edgar Sawtelle , David Wroblewski ," October 5, 2008",
The Storyteller , Jodi Picoult ," March 31, 2013",
The Street Lawyer , John Grisham ," February 22, 1998",
The Sum of All Fears , Tom Clancy ," August 25, 1991",
The Summons , John Grisham ," February 24, 2002",
The Survivor , Kyle Mills ," October 25, 2015",
The Tale of the Body Thief , Anne Rice ," October 25, 1992",
The Talisman , Stephen King and Peter Straub ," October 28, 1984",
The Target , David Baldacci ," May 11, 2014",
The Teeth of the Tiger , Tom Clancy ," August 31, 2003",
The Ten Commandments , Warwick Deeping ," October 12, 1931",
The Testament , John Grisham ," February 21, 1999",
The Thief , Clive Cussler and Justin Scott ," March 25, 2012",
The Thin Man , Dashiell Hammett ," January 15, 1934",
The Thirteenth Tale , Diane Setterfield ," October 1, 2006",
The Thorn Birds , Colleen McCullough ," June 19, 1977",
The Time Keeper , Mitch Albom ," September 23, 2012",
The Tommyknockers , Stephen King ," November 29, 1987",
The Undead Pool , Kim Harrison ," March 16, 2014",
The Underground Railroad , Colson Whitehead ," August 28, 2016",
The Valley of Decision , Marcia Davenport ," November 23, 1942",
The View from Pompey's Head , Hamilton Basso ," January 2, 1955",
The Wall , John Hersey ," March 26, 1950",
The Weather In the Streets , Rosamond Lehmann ," June 1, 1936",
The Wedding , Danielle Steel ," April 23, 2000",
The Werewolf of Paris , Guy Endore ," April 17, 1933",
The Whistler , John Grisham ," November 13, 2016",
The Whole Truth , David Baldacci ," May 11, 2008",
The Wind Through the Keyhole , Stephen King ," May 13, 2012",
The Winds of War , Herman Wouk ," January 16, 1972",
The Wise Man's Fear , Patrick Rothfuss ," March 20, 2011",
The Woman in the Window , A.J. Finn ," January 21, 2018",
The Word , Irving Wallace ," May 14, 1972",
The Yearling , Marjorie Kinnan Rawlings ," May 16, 1938",
The Years , Virginia Woolf ," May 3, 1937",
The Young Lions , Irwin Shaw ," November 7, 1948",
Theatre , Somerset Maugham ," March 22, 1937",
Thinner , Richard Bachman ," April 28, 1985",
This Above All , Eric Knight ," April 28, 1941",
This Side of Innocence , Taylor Caldwell ," May 12, 1946",
Thrawn: Alliances , Timothy Zahn ," August 12, 2018",
Threat Vector , Tom Clancy with Mark Greaney ," December 23, 2012",
Three Fates , Nora Roberts ," April 21, 2002",
Tick Tock , James Patterson and Michael Ledwidge ," February 13, 2011",
"Tinker, Tailor, Soldier, Spy ", John le Carré ," August 4, 1974",
To the Nines , Janet Evanovich ," August 3, 2003",
Top Secret Twenty,,One - Janet Evanovich (Bantam) ,
Topaz , Leon Uris ," October 15, 1967",
Towers of Midnight , Robert Jordan and Brandon Sanderson ," November 21, 2010",
Toys , James Patterson and Neil McMahon ," April 3, 2011",
Trace , Patricia Cornwell ," September 26, 2004",
Treachery In Death , J.D. Robb ," March 13, 2011",
Tribute , Nora Roberts ," July 27, 2008",
Tricky Twenty,,Two - Janet Evanovich (Bantam) ,
Trinity , Leon Uris ," June 13, 1976",
Triple , Ken Follett ," December 9, 1979",
True Believer , Nicholas Sparks ," May 1, 2005",
True Detectives , Jonathan Kellerman ," April 12, 2009",
Truly Madly Guilty , Liane Moriarty ," August 14, 2016",
Turbo Twenty,,Three - Janet Evanovich (Bantam) ,
Turn Coat , Jim Butcher ," April 26, 2009",
Twelve Sharp , Janet Evanovich ," July 9, 2006",
Twilight on the Floods , Marguerite Steen ," September 11, 1949",
Twisted Prey , John Sandford ," May 13, 2018",
Two , Two ," October 23, 2016",
Two Little Girls In Blue , Mary Higgins Clark ," April 23, 2006",
U Is For Undertow , Sue Grafton ," December 20, 2009",
Unaccustomed Earth , Jhumpa Lahiri ," April 20, 2008",
Under the Dome , Stephen King ," November 29, 2009",
Unlucky 13 , James Patterson and Maxine Paetro ," May 25, 2014",
Unnatural Exposure , Patricia Cornwell ," August 3, 1997",
Until the End of Time , Danielle Steel ," February 17, 2013",
Up the Down Staircase , Bel Kaufman ," May 16, 1965",
Valhalla Rising , Clive Cussler ," September 2, 2001",
Valley of the Dolls , Jacqueline Susann ," May 8, 1966",
Vanished , Fletcher Knebel ," March 31, 1968",
Vein of Iron , Ellen Glasgow ," September 9, 1935",
W Is For Wasted , Sue Grafton ," September 29, 2013",
Wanderlust , Danielle Steel ," July 20, 1986",
War and Remembrance , Herman Wouk ," November 12, 1978",
Watership Down , Richard Adams ," May 5, 1974",
We'll Meet Again , Mary Higgins Clark ," May 9, 1999",
What the Night Knows , Dean Koontz ," January 16, 2011",
Wheels , Arthur Hailey ," November 7, 1971",
Where Are You Now? , Mary Higgins Clark ," April 27, 2008",
Where Is Joe Merchant? , Jimmy Buffett ," September 20, 1992",
Where the Crawdads Sing , Delia Owens ," January 20, 2019",
While My Pretty Once Sleeps , Mary Higgins Clark ," May 28, 1989",
Whirlwind , James Clavell ," November 23, 1986",
Whiskey Beach , Nora Roberts ," May 5, 2013",
Who Killed the Robins Family? , Bill Adler and Thomas Chastain ," January 29, 1984",
Wicked Business , Janet Evanovich ," July 8, 2012",
Wicked Prey , John Sandford ," May 31, 2009",
Wickford Point , John P. Marquand ," April 3, 1939",
Windmills of the Gods , Sidney Sheldon ," February 8, 1987",
Windswept , Mary Ellen Chase ," December 15, 1941",
Winter of the World , Ken Follett ," October 7, 2012",
Winter Solstice , Rosamunde Pilcher ," August 20, 2000",
Winter's Heart , Robert Jordan ," November 26, 2000",
Without Remorse , Tom Clancy ," August 29, 1993",
Woman of God , James Patterson and Maxine Paetro ," October 16, 2016",
Words of Radiance , Brandon Sanderson ," March 23, 2014",Emily Bestler/Atria) 
Work of Art , Sinclair Lewis ," February 5, 1934",
World Without End , Ken Follett ," October 28, 2007",
Worst Case , James Patterson and Michael Ledwidge ," February 21, 2010",
Worth Dying For , Lee Child ," November 7, 2010",
Written In My Own Heart's Blood , Diana Gabaldon ," June 29, 2014",
X , Sue Grafton ," September 13, 2015",
Y Is For Yesterday , Sue Grafton ," September 10, 2017",
You Belong To Me , Mary Higgins Clark ," May 10, 1998",
You Can't Go Home Again , Thomas Wolfe ," September 30, 1940",
You've Been Warned , James Patterson and Howard Roughan ," September 30, 2007",
Young Renny , Mazo De La Roche ," June 10, 1935",
Zero Day , David Baldacci ," November 20, 2011",
Zoya , Danielle Steel ," May 15, 1988",
,,,
,,,
,,,
,,,
,,,
,,,
,,,
,,,
,,,
,,,
,,,
,,,
,,,
,,,
,,,
,,,
,,,
,,,
,,,NAL Books) 
,,,
,,,
,,,
,,,
,,,
,,,
,,,
,,,
,,,
,,,
,,,
,,,
,,,
,,,
,,,
,,,
,,,
,,,
,,,
,,,
,,,
,,,
,,,
,,,
,,,
,,,
,,,
,,,
,,,
,,,
,,,
,,,
,,,
,,,
,,,
,,,
,,,
,,,
,,,
,,,
,,,
,,,
,,,
,,,
,,,
,,,
,,,
,,,
,,,
,,,
,,,
,,,
,,,
,,,
,,,
,,,
,,,
,,,
,,,
,,,
,,,
,,,
,,,
,,,
,,,
,,,
,,,
,,,
,,,
,,,
,,,
,,,
,,,
,,,
,,,
,,,
,,,
,,,
,,,
,,,
,,,
,,,
,,,
,,,
,,,
,,,
,,,
,,,
,,,
,,,
,,,
,,,
,,,
,,,
,,,
,,,
,,,
,,,
,,,
,,,
,,,
,,,
,,,
,,,
,,,
,,,
,,,
,,,
,,,
,,,
,,,
,,,
,,,
,,,
,,,
,,,
,,,
,,,
,,,
,,,
,,,
,,,
,,,
,,,
,,,
,,,
,,,
,,,
,,,
,,,
,,,
,,,
,,,
,,,
,,,
,,,
,,,
,,,
,,,
,,,
,,,
,,,
,,,
,,,
,,,
,,,
,,,
,,,
,,,
,,,
,,,
,,,
,,,
,,,
,,,
,,,
,,,
,,,
,,,
,,,
,,,
,,,
,,,
,,,
,,,
,,,
,,,
,,,
,,,
,,,
,,,
,,,
,,,
,,,
,,,
,,,
,,,
,,,
,,,
,,,
,,,
,,,
,,,
,,,
,,,
,,,
,,,
,,,
,,,
,,,
,,,
,,,
,,,
,,,
,,,
,,,
,,,
,,,
,,,
,,,
,,,
,,,
,,,
,,,
,,,
,,,
,,,
,,,
,,,
,,,
,,,
,,,
,,,
,,,
,,,
,,,
,,,
,,,
,,,
,,,
,,,
,,,
,,,
,,,
,,,
,,,
,,,
,,,
,,,
,,,
,,,
,,,
,,,
,,,
,,,
,,,
,,,
,,,
,,,
,,,
,,,
,,,
,,,
,,,
,,,
,,,
,,,
,,,
,,,
,,,
,,,
,,,
,,,
,,,
,,,
,,,
,,,
,,,
,,,
,,,
,,,
,,,
,,,
,,,
,,,
,,,
,,,
,,,
,,,
,,,
,,,
,,,
,,,
,,,
,,,
,,,
,,,
,,,
,,,
,,,
,,,
,,,
,,,
,,,
,,,
,,,
,,,
,,,
,,,
,,,
,,,
,,,
,,,
,,,
,,,
,,,
,,,
,,,
,,,
,,,
,,,
,,,
,,,
,,,
,,,
,,,
,,,
,,,
,,,
,,,
,,,
,,,
,,,
,,,
,,,
,,,
,,,
,,,
,,,
,,,
,,,
,,,
,,,
,,,
,,,
,,,
,,,
,,,
,,,
,,,
,,,
,,,
,,,
,,,
,,,
,,,
,,,
,,,
,,,
,,,
,,,
,,,
,,,
,,,
,,,
,,,
,,,
,,,
,,,
,,,
,,,
,,,
,,,
,,,
,,,
,,,
,,,
,,,
,,,
,,,
,,,
,,,
,,,
,,,
,,,
,,,
,,,
,,,
,,,
,,,
,,,
,,,
,,,
,,,
,,,
,,,
,,,
,,,
,,,
,,,
,,,
,,,
,,,
,,,
,,,
,,,
,,,
,,,
,,,
,,,
,,,
,,,
,,,
,,,
,,,
,,,
,,,
,,,
,,,
,,,
,,,
,,,
,,,
,,,
,,,
,,,
,,,
,,,
,,,
,,,
,,,
,,,
,,,
,,,
,,,
,,,
,,,
,,,
,,,
,,,
,,,
,,,
,,,
,,,
,,,
,,,
,,,
,,,
,,,
,,,
,,,
,,,
,,,
,,,
,,,
,,,
,,,
,,,
,,,
,,,
,,,
,,,
,,,
,,,
,,,
,,,
,,,
,,,
,,,
,,,
,,,
,,,
,,,
,,,
,,,
,,,
,,,
,,,
,,,
,,,
,,,
,,,
,,,
,,,
,,,
,,,
,,,
,,,
,,,
,,,
,,,
,,,
,,,
,,,
,,,
,,,
,,,
,,,
,,,
,,,
,,,
,,,
,,,
,,,
,,,
,,,
,,,
,,,
,,,
,,,
,,,
,,,
,,,
,,,
,,,
,,,
,,,
,,,
,,,
,,,
,,,
,,,
,,,
,,,
,,,
,,,
,,,
,,,
,,,
,,,
,,,
,,,
,,,
,,,
,,,
,,,
,,,
,,,
,,,
,,,
,,,
,,,
,,,
,,,
,,,
,,,
,,,
,,,
,,,
,,,
,,,
,,,
,,,
,,,
,,,
,,,
,,,
,,,
,,,
,,,
,,,
,,,
,,,
,,,
,,,
,,,
,,,
,,,
,,,
,,,
,,,
,,,
,,,
,,,
,,,
,,,
,,,
,,,
,,,
,,,
,,,
,,,
,,,
,,,
,,,
,,,
,,,
,,,
,,,
,,,
,,,
,,,
,,,
,,,
,,,
,,,
,,,
,,,
,,,
,,,
,,,
,,,
,,,
,,,
,,,
,,,
,,,
,,,
,,,
,,,
,,,
,,,
,,,
,,,
,,,
,,,
,,,
,,,
,,,
,,,
,,,
,,,
,,,
,,,
,,,
,,,
,,,
,,,
,,,
,,,
,,,
,,,
,,,
,,,
,,,
,,,
,,,
,,,
,,,
,,,
,,,
,,,
,,,
,,,
,,,
,,,
,,,
,,,
,,,
,,,
,,,
,,,
,,,
,,,
,,,
,,,
,,,
,,,
,,,
,,,
,,,
,,,
,,,
,,,
,,,
,,,
,,,
,,,
,,,
,,,
,,,
,,,
,,,
,,,
,,,
,,,
,,,
,,,
,,,
,,,
,,,
,,,
,,,
,,,
,,,
,,,
,,,
,,,
,,,
,,,
,,,
,,,
,,,
,,,
,,,
,,,
,,,
,,,
,,,
,,,
,,,
,,,
,,,
,,,
,,,
,,,
,,,
,,,
,,,
,,,
,,,
,,,
,,,
,,,
,,,
,,,
,,,
,,,
,,,
,,,
,,,
,,,
,,,
,,,
,,,
,,,
,,,
,,,
,,,
,,,
,,,
,,,
,,,
,,,
,,,
,,,
,,,
,,,
,,,
,,,
,,,
,,,
,,,
,,,
,,,
,,,
,,,
,,,
,,,
,,,
,,,
,,,
,,,
,,,
,,,
,,,
,,,
,,,
,,,
,,,
,,,
,,,
,,,
,,,
,,,
,,,
,,,
,,,
,,,
,,,
,,,
,,,
,,,
,,,
,,,
,,,
,,,
,,,
,,,
,,,
,,,
,,,
,,,
,,,
,,,
,,,
,,,
,,,
,,,
,,,
,,,
,,,
,,,
,,,
,,,
,,,
,,,
,,,
,,,
,,,
,,,
,,,
,,,
,,,
,,,
,,,
,,,
,,,
,,,
,,,
,,,
,,,
,,,
,,,
,,,
,,,
,,,
,,,
,,,
,,,
,,,
,,,
,,,
,,,
,,,
,,,
,,,
,,,
,,,
,,,
,,,
,,,
,,,
,,,
,,,
,,,
,,,
,,,
,,,
,,,
,,,
,,,
,,,
,,,
,,,
,,,
,,,
,,,
,,,
,,,
,,,
,,,
,,,
,,,
,,,
,,,
,,,
,,,
,,,
,,,
,,,
,,,
,,,
,,,
,,,
,,,
,,,
,,,
,,,
,,,
,,,
,,,
,,,
,,,
,,,
,,,
,,,
,,,
,,,
,,,
,,,
,,,
,,,
,,,
,,,
,,,
,,,
,,,
,,,
,,,
,,,
,,,
,,,
,,,
,,,
,,,
,,,
,,,
,,,
,,,
,,,
,,,
,,,
,,,
,,,
,,,
,,,
,,,
,,,
,,,
,,,
,,,
,,,
,,,
,,,
,,,
,,,
,,,
,,,
,,,
,,,
,,,
,,,
,,,
,,,
,,,
,,,
,,,
,,,
,,,
,,,
,,,
,,,
,,,
,,,
,,,
,,,
,,,
,,,
,,,
,,,
,,,
,,,
,,,
,,,
,,,
,,,
,,,
,,,
,,,
,,,
,,,
,,,
,,,
,,,
,,,
,,,
,,,
,,,
,,,
,,,
,,,
,,,
,,,
,,,
,,,
,,,
,,,
,,,
,,,
,,,
,,,
,,,
,,,
,,,
,,,
,,,
,,,
,,,
,,,
,,,
,,,
,,,
,,,
,,,
,,,
,,,
,,,
,,,
,,,
,,,
,,,
,,,
,,,
,,,
,,,
,,,
,,,
,,,
,,,
,,,
,,,
,,,
,,,
,,,
,,,
,,,
,,,
,,,
,,,
,,,
,,,
,,,
,,,
,,,
,,,
,,,
,,,
,,,
,,,
,,,
,,,
,,,
,,,
,,,
,,,
,,,
,,,
,,,
,,,
,,,
,,,
,,,
,,,
,,,
,,,
,,,
,,,
,,,
,,,
,,,
,,,
,,,
,,,
,,,
,,,
,,,
,,,
,,,
,,,
,,,
,,,
,,,
,,,
,,,
,,,
,,,
,,,
,,,
,,,
,,,
,,,
,,,
,,,
,,,
,,,
,,,
,,,
,,,
,,,
,,,
,,,
,,,
,,,
,,,
,,,
,,,
,,,
,,,
,,,
,,,
,,,
,,,
,,,
,,,
,,,
,,,
,,,
,,,
,,,
,,,
,,,
,,,
,,,
,,,
,,,
,,,
,,,
,,,
,,,
,,,
,,,
,,,
,,,
,,,
,,,
,,,
,,,
,,,
,,,
,,,
,,,
,,,
,,,
,,,
,,,
,,,
,,,
,,,
,,,
,,,
,,,
,,,
,,,
,,,
,,,
,,,
,,,
,,,
,,,
,,,
,,,
,,,
,,,
,,,
,,,
,,,
,,,
,,,
,,,
,,,
,,,