title,author,date,,,,
10% Happier , Dan Harris (It Books) ," April 6, 2014",,,,
13 Hours , Michael Zuckoff (Twelve) ," October 5, 2014",,,,
1776 , David McCullough (Simon & Schuster) ," June 12, 2005",,,,
"20,000 Years In Sing Sing ", Warden Lawes (Long & Smith) ," May 30, 1932",,,,
21 Lessons for the 21st Century , Yuval Noah Harari (Spiegel & Grau) ," September 23, 2018",,,,
41 , George W. Bush (Crown) ," November 30, 2014",,,,
A Brief History of Time , Stephen Hawking (Bantam) ," June 26, 1988",,,,
A Day in the Life of America , Collins (Collins) ," November 30, 1986",,,,
A Deadly Game , Catherine Crier with Cole Thompson (Regan Books/Harper Collins) ," April 3, 2005",,,,
A Few Minutes with Andy Rooney , Andy A. Rooney (Atheneum) ," March 7, 1982",,,,
A Fortune to Share , Vash Young (Bobbs," February 15, 1932",,,,
A Good Walk Spoiled ," John Feinstein (Little, Brown) "," July 2, 1995",,,,
A Higher Loyalty , James Comey (Flatiron) ," May 6, 2018",,,,
A Life on the Road , Charles Kuralt (Putnam) ," December 2, 1990",,,,
A Light in the Attic , Shel Silverstein (Harper) ," November 29, 1981",,,,
A Long Way Gone ," Ishmael Beah (Sarah Crichton/Farrar, Straus & Giroux) "," April 15, 2007",,,,
A Man Called Peter , Catherine Marshall (McGraw,Hill) ,,,,
A Mind at a Time , Mel Levine (Simon & Schuster) ," June 9, 2002",,,,
A Moveable Feast , Ernest Hemingway (Scribner's) ," June 14, 1964",,,,
A New Way to Better Golf , A.J. Morrison (Simon & Schuster) ," July 11, 1932",,,,
A Passion for Excellence , Tom Peters and Nancy Austin (Random House) ," June 9, 1985",,,,
A Peculiar Treasure ," Edna Ferber (Doubleday, Doran) "," February 13, 1939",,,,
A Pirate Looks At Fifty , Jimmy Buffett (Random House) ," June 28, 1998",,,,
A Princess In Exile ," Marie, Grand Duchess of Russia (Viking) "," September 5, 1932",,,,
A Reporter's Life , Walter Cronkite (Knopf) ," December 29, 1996",,,,
A Royal Duty , Paul Burrell (Putnam) ," November 16, 2003",,,,
A Season on the Brink , John Feinstein (MacMillan) ," February 1, 1987",,,,
A Smattering of Ignorance ," Oscar Levant (Doubleday, Doran) "," January 29, 1940",,,,
A Stolen Life , Jayce Dugard (Simon & Schuster) ," July 31, 2011",,,,
A Thousand Days , Arthur Schlesinger (Houghton Mifflin) ," January 9, 1966",,,,
A Treasury of Art Masterpieces , edited ," October 30, 1939",," September 12, 1932",,
A Treasury of the World's Greatest Letters ," M. Lincoln Schuster, editor (Simon & Schuster) "," November 25, 1940",,,,
A Woman Named Jackie , C. David Heymann (Lyle Stuart/Carroll Publishing) ," May 21, 1989",,,,
Act One , Moss Hart (Random House) ," November 1, 1959",,,,
Against All Enemies , Richard A. Clarke (Free Press) ," April 11, 2004",,,,
Against Medical Advice ," James Patterson and Hal Friedman (Little, Brown) "," November 9, 2008",,,,
Aku,,Aku - Thor Heyerdahl (Rand McNally) ,,,,
"Al Franken, Giant of the Senate ", Al Franken (Twelve) ," June 18, 2017",,,,
Alistair Cooke's America , Alistair Cooke (Knopf) ," December 9, 1973",,,,
All I Really Need to Know I Learned in Kindergarten , Robert Fulghum (Villard) ," January 1, 1989",,,,
All the President's Men , Bob Woodward and Carl Bernstein (Simon & Schuster) ," June 30, 1974",,,,
All Things Bright and Beautiful , James Herriot (St. Martin's) ," November 17, 1974",,,,
All Things Wise and Wonderful , James Herriot (St. Martin's) ," September 11, 1977",,,,
All Too Human ," George Stephanopoulos (Little, Brown) "," March 28, 1999",,,,
Always a Grand Duke , Alexander of Russia (Farrar & Rinehart) ," June 12, 1933",,,,
America , Dinesh D'Souza (Regnery) ," August 10, 2014",,,,
America (The Book) ," Jon Stewart, Ben Karlin and David Javerbaum (Warner) "," October 10, 2004",,,,
American Sniper , Chris Kyle with Scott McEwen and Jim DeFelice (Morrow/HarperCollins) ," January 29, 2012",,,,
American Soldier , Tommy Franks with Malcolm McConnell (ReganBooks/HarperCollins) ," August 22, 2004",,,,
American Son , Richard Blow (Holt) ," June 2, 2002",,,,
American Tragedy , Lawrence Schiller and James Willwerth (Random House) ," November 10, 1996",,,,
American White Paper , Joseph Alsop and Robert Kintner (Simon & Schuster) ," May 13, 1940",,,,
Ameritopia , Mark R. Levin (Threshold Editions) ," February 5, 2012",,,,
An American Doctor's Odyssey , Victor Heiser (Norton) ," October 26, 1936",,,,
An Hour Before Daylight , Jimmy Carter (Simon & Schuster) ," January 28, 2001",,,,
An Inconvenient Book , Glenn Beck and Kevin Balfe (Threshold Editions) ," December 9, 2007",,,,
An Unfinished Life ," Robert Dallek (Little, Brown) "," June 1, 2003",,,,
And More , Andy Rooney ," November 21, 1982",,,,
And the Sea Will Tell , Vincent Bugliosi and Bruce Henderson (Norton) ," March 17, 1991",,,,
Angela's Ashes , Frank McCourt (Scribner) ," December 15, 1996",,,,
Annapurna , Maurice Herzog (Dutton) ," February 22, 1953",,,,
Any Woman Can! ," David Reuben, M.D. (David McKay Company) "," November 21, 1971",,,,
Anything Can Happen , George and Helen Papashvily (Harper) ," March 11, 1945",,,,
"Are You There, Vodka? It's Me, Chelsea ", Chelsea Handler (Simon Spotlight Entertainment) ," May 11, 2008",,,,
Arguing With Idiots , Glenn Beck and Kevin Balfe (Mercury Radio Arts/Threshold Editions) ," October 11, 2009",,,,
Around the World In Eleven Years ," Patience, Richard and John Abbe (Stokes) "," August 24, 1936",,,,
Arthritis and Common Sense , Dale Alexander (Witkower Press) ," July 15, 1956",,,,
As I Remember Him ," Hans Zinsser (Little, Brown) "," July 15, 1940",,,,
Astrophysics for People in a Hurry , Neil deGrasse Tyson (Norton) ," May 21, 2017",,,,
At the Center of the Storm , George Tenet (Harper Collins) ," May 20, 2007",,,,
Audition , Barbara Walters (Knopf) ," May 25, 2008",,,,
Aunt Erma's Cope Book , Erma Bombeck (McGraw,Hill) ,,,,
Bad As I Wanna Be , Dennis Rodman with Tom Keown (Delacorte) ," May 19, 1996",,,,
Barbara Bush: A Memoir , Barbara Bush (Drew/Scribners) ," October 2, 1994",,,,
Barbarians at the Gate , Bryan Burrough and John Helyer (Harper) ," March 11, 1990",,,,
Baruch: My Own Story , Bernard Baruch (Holt) ," September 22, 1957",,,,
Beastie Boys Book , Michael Diamond and Adam Horovitz (Spiegel & Grau) ," November 18, 2018",,,,
Beautiful Boy , David Sheff (Houghton Mifflin) ," April 6, 2008",,,,
Becoming , Michelle Obama (Crown) ," December 2, 2018",,,,
Being Mortal , Atul Gawande (Metropolitan/Holt) ," February 1, 2015",,,,
Berlin Diary , William L. Shirer (Knopf) ," June 30, 1941",,,,
Bernard Shaw , Frank Harris (Simon & Schuster) ," December 7, 1931",,,,
Between Parent and Child , Hiam Ginott (MacMillan) ," February 25, 1968",,,,
Between the Thunder and the Sun , Vincent Sheean (Random House) ," April 12, 1943",,,,
Between the World and Me , Ta,Nehisi Coates (Spiegel & Grau) ,,,,
Bias , Bernard Goldberg (Regnery) ," January 20, 2002",,,,
Big Russ and Me , Tim Russert (Miramax) ," July 4, 2004",,,,
Bill O'Reilly's Legends and Lies , David Fisher (Holt) ," April 26, 2015",,,,
Bill O'Reilly's Legends and Lies: The Patriots , David Fisher (Holt) ," June 19, 2016",,,,
Black Boy , Richard Wright (Harper) ," April 8, 1945",,,,
Blind Faith , Joe McGinnis (Putnam) ," February 12, 1989",,,,
Blink ," Malcolm Gladwell (Little, Brown) "," February 6, 2005",,,,
Blood Brother , Anne Bird (Regan Books/Harper Collins) ," March 20, 2005",,,,
Blood Feud , Edward Klein (Regnery) ," July 20, 2014",,,,
Blood Sport , James B. Stewart (Simon & Schuster) ," March 31, 1996"," October 22, 1934",,,
"Blood, Sweat and Tears ", Winston Churchill (Putnam) ," April 28, 1941",,,,
Born Free , Joy Adamson (Pantheon) ," August 7, 1960",,,,
Born to Run , Bruce Springsteen (Simon & Schuster) ," October 16, 2016",,,,
Bossypants ," Tina Fey (Reagan Arthur/Little, Brown) "," April 24, 2011",,,,
Brave Men , Ernie Pyle (Holt) ," December 24, 1944",,,,
Brazilian Adventure , Peter Fleming (Scribner) ," January 15, 1934",,,,
Breach of Faith , Theodore H. White (Atheneum) ," June 15, 1975",,,,
Breaking the Surface , Greg Louganis with Eric Marcus (Random House) ," March 19, 1995",,,,
Bring On the Empty Horses , David Niven (Putnam) ," November 30, 1975",,,,
British Agent , R.H. Bruce Lockhart (Putnam) ," February 20, 1933",,,,
Bury My Heart at Wounded Knee , Dee Brown (Holt) ," May 30, 1971",,,,
Bus 9 to Paradise , Leo Buscaglia (Morrow) ," February 23, 1986",,,,
Bush At War , Bob Woodward (Simon & Schuster) ," December 15, 2002",,,,
But We Were Born Free , Elmer Davis (Bobbs) ," April 18, 1954",,,,
By Way of Deception , Victor Ostrovsky and Claire Hoy (St. Martin's) ," October 7, 1990",,,,
Calories Don't Count , Herman Taller (Simon & Schuster) ," March 25, 1962",,,,
Calypso ," David Sedaris (Little, Brown) "," June 17, 2018",,,,
Capital In the Twenty,,First Century - Thomas Piketty (Belknap/Harvard University) ,,,,
Catastrophe , Dick Morris and Eileen McGann (Harper/Harper Collins) ," July 12, 2009",,,,
Catherine , Gina Kaus (Viking) ," June 24, 1935",,,,
Cheaper By the Dozen ," Frank B. Gilbreth, Jr. and Ernestine Gilbreth Carey (Crowell) "," March 13, 1949",,,,
Chelsea Chelsea Bang Bang , Chelsea Handler (Grand Central) ," March 28, 2010",,,,
Chutzpah ," Alan M. Dershowitz (Little, Brown) "," July 21, 1991",,,,
Civilisation , Kenneth Clark (Harper) ," January 10, 1971",,,,
Committed , Elizabeth Gilbert (Viking) ," January 24, 2010",,,,
Communion , Whitley Strieber (Morrow) ," May 10, 1987",,,,
"Contract Bridge Blue Book, 1933 ", Ely Culbertson (Bridge World) ," February 6, 1933",,,,
Conversation at Midnight , Edna St. Vincent Millay (Harper) ," August 2, 1937",,,,
Coronation Commentary ," Geoffrey Dennis (Dodd, Mead) "," May 17, 1937",,,,
Cosmos , Carl Sagan (Random House) ," November 9, 1980",,,,
Country Lawyer , Bellamy Partridge (Whittlesey House) ," September 4, 1939",,,,
Country Squire In the Whitehouse ," John Flynn (Doubleday, Doran) "," July 29, 1940",,,,
Couplehood , Paul Reiser (Bantam) ," September 25, 1994",,,,
Courtroom ," Quentin Reynolds (Farrar, Straus) "," August 27, 1950",,,,
Crimes Against Liberty , David Limbaugh (Regnery) ," September 12, 2010",,,,
Crisis Investing , Douglas R. Casey (Harper) ," September 21, 1980",,,,
Crisis of Character , Gary J. Byrne with Grant M. Schmidt (Ballantine) ," July 17, 2016",,,,
Cross Creek , Marjorie Rawlings (Scribner) ," May 4, 1942",,,,
Crossing the Threshold of Hope , John Paul II (Knopf) ," November 13, 1994",,,,
Crowded Hours , Alice Roosevelt Longworth (Scribner) ," November 13, 1933",,,,
Cruel Shoes , Steve Martin (Putnam's) ," July 22, 1979",,,,
Crusade In Europe , Dwight D. Eisenhower (Doubleday) ," December 26, 1948"," September 7, 1936",,,
Culbertson's 1933 Summary , Ely Culbertson (Bridge World) ," March 20, 1933",,,,
Culbertson's New Summary of Contract Bridge , Ely Culbertson (Winston) ," April 29, 1935",,,,
Culture of Corruption , Michelle Malkin (Regnery) ," August 16, 2009",,,,
Culture Warrior , Bill O'Reilly (Broadway) ," October 15, 2006",,,,
Darkness Visible , William Styron (Random House) ," September 16, 1990",,,,
David and Goliath ," Malcolm Gladwell (Little, Brown) "," March 9, 2014",,,,
Day of Infamy , Walter Lord (Holt) ," May 26, 1957",,,,
Days of Grace , Arthur Ashe and Arnold Rampersad (Knopf) ," July 18, 1993",,,,
Days of Our Years , Pierre van Paassen (Hillman,Curl) ,,,,
Dead Wake , Erik Larson (Crown) ," March 29, 2015",,,,
Dear Madam President , Jennifer Palmieri (Grand Central) ," April 22, 2018",,,,
Death In The Afternoon , Ernest Hemingway (Scribner) ," October 10, 1932",,,,
Decision Points , George W. Bush (Crown) ," November 28, 2010",,,,
Deliver Us From Evil , Sean Hannity (ReganBooks/HarperCollins) ," March 7, 2004"," July 5, 1937",,,
Den of Thieves , James B. Stewart (Simon & Schuster) ," November 3, 1991",,,,
Destiny and Power , Jon Meacham (Random House) ," November 29, 2015",,,,
Devil's Bargain , Joshua Green (Penguin Press) ," August 6, 2017",,,,
Dewey , Vicki Myron with Bret Witter (Grand Central) ," November 16, 2008",,,,
Diana: Her True Story , Andrew Morton (Simon & Schuster) ," July 5, 1992",,,,
Diana: Her True Story ,, In Her Own Words (updated version) - Andrew Morton (Simon & Schuster) ,,,,
Dispatches From the Edge , Anderson Cooper (HarperCollins) ," June 18, 2006",,,,
Don Fernando ," Somerset Maugham (Doubleday, Doran) "," August 12, 1935",,,,
Don't Make a Black Woman Take Off Her Earrings , Tyler Perry (Riverhead) ," April 30, 2006",,,,
Don't Stand Too Close to a Naked Man , Tim Allen (Hyperion) ," October 30, 1994",,,,
Donahue , Phil Donahue (Simon & Schuster) ," March 23, 1980",,,,
Doris Day: Her Own Story , A. E. Hotchner (Morrow) ," March 14, 1976",,,,
Dr. Atkins' Diet Revolution , Robert C. Atkins (McKay) ," February 18, 1973",,,,
Dress Your Family in Corduroy and Denim ," David Sedaris (Little, Brown) "," June 20, 2004",,,,
Drift , Rachel Maddow (Crown) ," April 15, 2012",,,,
"Dude, Where's My Country? ", Michael Moore (Warner) ," October 26, 2003",,,,
Duty , Robert M. Gates (Knopf) ," February 2, 2014",,,,
Earth (The Book) ," Jon Stewart, David Javerbaum, Rory Albanese, Steve Bodow and Josh Lieb (Grand Central) "," October 10, 2010",,,,
"Eats, Shoots and Leaves ", Lynne Truss (Gotham) ," May 30, 2004",,,,
Einstein , Walter Isaacson (Simon & Schuster) ," April 29, 2007",,,,
Eisenhower: The Inside Story , Robert J. Donovan (Harper) ," August 5, 1956",,,,
Eleanor and Franklin , Joseph Lash (Norton) ," December 5, 1971",,,,
Eleven Rings , Phil Jackson and Hugh Delehanty (Penguin Press) ," June 9, 2013",,,,
Ellen Terry and Bernard Shaw: A Correspondence , Ellen Terry and Bernard Shaw (Putnam) ," October 12, 1931",,,,
Elvis and Me , Priscilla Beaulieu Presley with Sandra Harmon (Putnam) ," September 29, 1985",,,,
Embraced , the Light ," September 5, 1993",,,,
English Journey , J.B. Priestley (Harper) ," September 3, 1934",,,,
Every Living Thing , James Herriot (St. Martin's) ," September 13, 1992",,,,
Every Man a Tiger , Tom Clancy with Chuck Horner (Putnam) ," June 6, 1999",,,,
Everything But Money , Sam Levenson (Simon & Schuster) ," January 8, 1967",,,,
Everything You Always Wanted to Know About Sex (But Were Afraid to Ask) , David Reuben (McKay) ," March 1, 1970",,,,
Experiment In Autobiography , H.G. Wells (MacMillan) ," January 7, 1935"," May 1, 1939",,,
Failure of a Mission , Sir Nevile Henderson (Putnam) ," May 6, 1940",,,,
Fanny Kemble , Margaret Armstrong (MacMillan) ," July 25, 1938",,,,
FASCISM: A Warning , Madeleine Albright with Bill Woodward (Harper) ," April 29, 2018",,,,
Fatherhood , Bill Cos," May 25, 1986",,,,
Fear , Bob Woodward (Simon & Schuster) ," September 30, 2018",,,,
Fiasco , Thomas E. Ricks (The Penguin Press) ," August 13, 2006",,,,
Fire and Fury , Michael Wolff (Holt) ," January 21, 2018",,,,
First Lady from Plains , Rosalynn Carter (Houghton Mifflin) ," June 17, 1984",,,,
Flags of Our Fathers , James Bradley with Ron Powers (Bantam) ," June 11, 2000",,,,
Flash Boys , Michael Lewis (Norton) ," April 20, 2014",,,,
Flight to Arras , Antonine de St. Exupery (Reynal & Hitchcock) ," March 16, 1942",,,,
Foley Is Good , Mick Foley (ReganBooks/HarperCollins) ," May 27, 2001",,,,
For 2¢ Plain , Harry Golden (World) ," September 13, 1959",,,,
For Laci , Sharon Rocha (Crown) ," January 29, 2006",,,,
For the Record , Donald T. Regan (Harcourt) ," May 29, 1988",,,,
Forty,,Two Years In the White House - Irwin H. Hoover (Houghton Mifflin) ,,,,
Four Days , UPI/American Heritage (American Heritage) ," March 22, 1964",,,,
Francis the First ," Francis Hackett (Doubleday, Doran) "," March 11, 1935",,,,
Free to Be…A Family , edited ," November 29, 1987",,,,
Free to Choose , Milton and Rose Friedman (Harcourt) ," April 6, 1980",,,,
Game Change , John Heilemann and Mark Halperin (Harper/HarperCollins) ," January 31, 2010",,,,
Germs ," Judith Miller, Stephen Engelberg and William Broad (Simon & Schuster) "," October 28, 2001",,,,
Gift From the Sea , Anne Morrow Lindbergh (Pantheon Books) ," April 17, 1955",,,,
Give War a Chance , P. J. O'Rourke (Atlantic Monthly) ," May 10, 1992",,,,
Giving , Bill Clinton (Knopf) ," September 23, 2007",,,,
Gnomes , Wil Huygen and Rien Poortvliet (Abrams) ," January 14, 1979",,,,
God Is Not Great , Christopher Hitchens (Twelve) ," June 3, 2007",,,,
Godless , Ann Coulter (Crown Forum) ," June 25, 2006",,,,
Going Rogue , Sarah Palin (Harper/HarperCollins) ," December 6, 2009",,,,
"Good Night, Sweet Prince ", Gene Fowler (Viking) ," February 13, 1944",,,,
Gracie , George Burns (Putnam) ," December 4, 1988",,,,
Grant , Ron Chernow (Penguin Press) ," January 7, 2018",,,,
Guadalcanal Diary , Richard Tregaskis (Random House) ," February 22, 1943",,,,
Hamilton: The Revolution , Lin,Manuel Miranda and Jeremy McCarter (Grand Central/Melcher Media) ,,,,
Handout , George Michael (Putnam) ," May 20, 1935",,,,
"Happy, Happy, Happy ", Phil Robertson with Mark Schlabach (Howard Books) ," May 26, 2013"," December 23, 1940",,,
Hard Choices , Hillary Rodham Clinton (Simon & Schuster) ," June 29, 2014",,,,
Harry S. Truman , Margaret Truman (Morrow) ," January 14, 1973",,,,
Have a Little Faith , Mitch Albom (Hyperion) ," October 18, 2009",,,,
Have a Nice Day! , Mick Foley (ReganBooks/HarperCollins) ," December 5, 1999",,,,
Healing and the Mind , Bill Moyers (Doubleday) ," March 14, 1993",,,,
Hillary's America , Dinesh D'Souza (Regnery) ," August 21, 2016",,,,
Hillbilly Elegy , J.D. Vance (HarperCollins) ," August 28, 2016",,,,
His Way , Kitty Kelley (Bantam) ," October 12, 1986",,,,
"Holy Bible, Revised Standard Version (Nelson) ",," February 15, 1953",,,,
Home , Julie Andrews (Hyperion) ," April 27, 2008",,,,
Honor Thy Father , Gay Talese (World) ," November 28, 1971",,,,
Hope , Amanda Berry and Gina DeJesus with Mary Jordan and Kevin Sullivan (Viking) ," May 17, 2015",,,,
"Hot, Flat, and Crowded "," Thomas L. Friedman (Farrar, Straus & Giroux) "," September 28, 2008",,,,
How to Avoid Probate , Norman Dacey (Crown) ," July 17, 1966",,,,
How to Be Your Own Best Friend ," Mildred Newman, Bernard Berkowitz and Jean Owen (Random House) "," October 14, 1973",,,,
How to Change Your Mind , Michael Pollan (Penguin Press) ," June 3, 2018",,,,
How to Read a Book , Mortimer J. Adler (Simon & Schuster) ," April 1, 1940",,,,
How to Stop Worrying and Start Living , Dale Carnegie (Simon & Schuster) ," August 1, 1948",,,,
How to Win Friends and Influence People , Dale Carnegie (Simon & Schuster) ," January 25, 1937",,,,
Howard Stern Comes Again , Howard Stern (Simon & Schuster) ," June 2, 2019",,,,
Humans of New York , Brandon Stanton (St. Martin's) ," November 3, 2013",,,,
Humans of New York Stories , Brandon Stanton (St. Martin's) ," November 1, 2015",,,,
"I Am a Soldier, Too: The Jessica Lynch Story ", Rick Bragg (Knopf) ," November 30, 2003",,,,
I Am America (And So Can You) , Stephen Colbert (Grand Central) ," October 28, 2007",,,,
I Can't Make This Up , Kevin Hart with Neil Strauss (37 INK/Atria) ," June 25, 2017",,,,
I Feel Bad About My Neck , Nora Ephron (Knopf) ," September 10, 2006",,,,
I Married Adventure , Osa Johnson (Lippincott) ," June 10, 1940",,,,
I Never Left Home , Bob Hope (Simon & Schuster) ," July 9, 1944",,,,
I Owe Russia $1200 , Bob Hope (Doubleday) ," July 21, 1963",,,,
I Want to Tell You ," O. J. Simpson (Little, Brown) "," February 12, 1995",,,,
"I'm OK, You're OK "," Thomas A. Harris, M.D. (Harper) "," June 25, 1972",,,,
Iacocca , Lee Iacocca and William Novak (Bantam) ," November 4, 1984",,,,
Ice Bound , Jerri Nielseni with Maryanne Vollers (Talk Miramax/ Hyperion) ," February 18, 2001",,,,
"If Life Is a Bowl of Cherries, What Am I Doing in the Pits? ", Erma Bombeck (McGraw,Hill) ,,,,
Imagine , Jonah Lehrer (Houghton Mifflin Harcourt) ," April 8, 2012",,,,
In An Instant , Lee and Bob Woodruff (Random House) ," March 18, 2007",,,,
In Cold Blood , Truman Capote (Random House) ," February 6, 1966",,,,
In Contempt , Christopher A. Darden with Jess Walter (ReganBooks/HarperCollins) ," April 7, 1996",,,,
In Defense of Food , Michael Pollan (Penguin Press) ," January 20, 2008",,,,
In My Time , Dick Cheney with Liz Cheney (Threshold Editions) ," September 18, 2011",,,,
In Retrospect , Robert S. McNamara with Brian VanDeMark (Times Books/Random House) ," April 30, 1995",,,,
In Search of Excellence ," Thomas J. Peters and Robert H. Waterman, Jr. (Harper) "," April 24, 1983",,,,
In the Garden of Beasts , Erik Larson (Crown) ," June 5, 2011",,,,
Inflation Ahead! , Willard Kiplinger and Frederick Shelton (Simon & Schuster) ," March 4, 1935",,,,
Inside Asia , John Gunther (Harper) ," June 19, 1939",,,,
Inside Russia Today , John Gunther (Harper) ," July 6, 1958",,,,
Inside U. S. A. , John Gunther (Harper) ," June 29, 1947",,,,
Into Thin Air , Jon Krakauer (Villard) ," June 8, 1997",,,,
Iron John , Robert Bly (Addison,Wesley) ,,,,
It Takes a Village , Hillary Rodham Clinton (Simon & Schuster) ," February 4, 1996",,,,
It Was On Fire When I Lay Down On It , Robert Fulghum (Villard) ," January 7, 1990",,,,
It's All About Him , Denise Jackson with Ellen Vaughn (Thomas Nelson) ," August 19, 2007",,,,
It's Always Something , Gilda Radner (Simon & Schuster) ," July 16, 1989",,,,
It's Not About the Bike , Lance Armstrong with Sally Jenkins (Putnam) ," August 13, 2000",,,,
Jack: Straight From the Gut , Jack Welch with John A.Byrne (Warner Business) ," September 30, 2001",,,,
Jacqueline Kennedy: Historic Conversations On Life With John F. Kennedy (Hyperion) ,," October 2, 2011",,,,
Jane Fonda's Workout Book , Jane Fonda (Simon & Schuster) ," March 14, 1982",,,,
Jennie , Ralph Martin (Signet) ," May 11, 1969",,,,
JFK: The Man and the Myth , Victor Lasky (MacMillan) ," October 6, 1963",,,,
John Adams , David McCullough (Simon & Schuster) ," June 10, 2001",,,,
Journals , Kurt Cobain (Riverhead) ," November 24, 2002",,,,
Journey Among Warriors ," Eve Curie (Doubleday, Doran) "," July 26, 1943",,,,
Juiced , Jose Canseco (Regan Books/Harper Collins) ," March 6, 2005",,,,
Julia Newberry's Diary , Julia Rosa Newberry (Norton) ," July 10, 1933",,,,
Just As I Am , Billy Graham (HarperSanFrancisco/Zondervan) ," June 29, 1997",,,,
Kate Remembered , Scott A. Berg (Putnam) ," August 3, 2003",,,,
Kennedy , Theodore Sorensen (Harper) ," October 31, 1965",,,,
Killing England , Bill O'Reilly and Martin Dugard (Holt) ," October 15, 2017",,,,
Killing Jesus , Bill O'Reilly and Martin Dugard (Holt) ," October 13, 2013",,,,
Killing Kennedy , Bill O'Reilly and Martin Dugard (Holt) ," October 21, 2012",,,,
Killing Lincoln , Bill O'Reilly and Martin Dugard (Holt) ," October 16, 2011",,,,
Killing Patton , Bill O'Reilly and Martin Dugard (Holt) ," October 12, 2014",,,,
Killing Reagan , Bill O'Reilly and Martin Dugard (Holt) ," October 11, 2015",,,,
Killing the Rising Sun , Bill O'Reilly and Martin Dugard (Harper) ," October 2, 2016",,,,
Killing the SS , Bill O'Reilly and Martin Dugard (Holt) ," October 28, 2018",,,,
Known and Unknown , Donald Rumsfeld (Sentinel) ," February 27, 2011",,,,
Kon,,Tiki - Thor Heyerdahl (Rand McNally) ,,,,
Lauren Bacall , Myself ," February 11, 1979",,,,
Leadership , Rudolph W. Giuliani with Ken Kurson (Miramax/Hyperion) ," October 20, 2002",,,,
Lean In , Sheryl Sandberg with Neil Scovell (Knopf) ," March 31, 2013",,,,
Leap of Faith , Queen Noor (Miramax) ," April 13, 2003",,,,
Leonardo da Vinci , Walter Isaacson (Simon & Schuster) ," November 5, 2017",,,,
Let's Explore Diabetes with Owls ," David Sedaris (Little, Brown) "," May 12, 2013",,,,
Let's Roll! , Lisa Beamer with Ken Abraham (Tyndale) ," September 8, 2002",,,,
"Liars, Leakers and Liberals ", Jeanine Pirro (Center Street) ," August 5, 2018",,,,
Liberal Fascism , Jonah Goldberg (Doubleday) ," March 9, 2008",,,,
Liberty and Tyranny , Mark R. Levin (Threshold Editions) ," April 12, 2009",,,,
Lies (And the Lying Liars Who Tell Them) , Al Franken (Dutton) ," September 7, 2003",,,,
Lies That Chelsea Handler Told Me ," Chelsea Handler, Glen Handler, Roy Handler and others (Grand Central) "," May 29, 2011",,,,
Life ," Keith Richards with James Fox (Little, Brown) "," November 14, 2010",,,,
Life Begins at Forty , Walter B. Pitkin (Whittlesey) ," October 9, 1933",,,,
Life Extension , Durk Pearson and Sandy Shaw (Warner) ," August 8, 1982",,,,
Life On the Other Side , Sylvia Browne with Lindsay Harrison (Dutton) ," August 6, 2000",,,,
Life Will Be the Death of Me , Chelsea Handler (Spiegel & Grau) ," April 28, 2019",,,,
Life With Father (Moved From Fiction Prior Week) , Clarence Day (Knopf) ," August 19, 1935",,,,
Life With Mother , Clarence Day (Knopf) ," September 6, 1937",,,,
Listen! The Wind ," Anne Morrow Lindbergh (Harcourt, Brace) "," October 24, 1938",,,,
Live Alone and Like It , Marjorie Hillis (Bobbs,Merrill) ,,,,
Living History , Hillary Rodham Clinton (Simon & Schuster) ," June 29, 2003",,,,
"Living, Loving & Learning ", Leo Buscaglia (Holt/Slack) ," June 6, 1982",,,,
Lone Survivor ," Marcus Luttrell with Patrick Robinson (Little, Brown) "," July 22, 2007",,,,
Longaberger , Dave Longaberger (HarperBusiness) ," March 25, 2001",,,,
"Look Younger, Live Longer "," Gayelord Hauser (Farrar, Straus) "," October 15, 1950",,,,
Looking Forward , Franklin D. Roosevelt (John Day) ," March 27, 1933",,,,
Looking Out for Number One , Robert J. Ringer (Funk & Wagnalls) ," August 21, 1977",,,,
Losing It , Valerie Bertinelli (Free Press) ," March 16, 2008",,,,
Love Warrior , Glennon Doyle Melton (Flatiron) ," September 25, 2016",,,,
"Love, Medicine and Miracles ", Bernie S. Siegel (Harper) ," May 17, 1987",,,,
Loving Each Other , Leo Buscaglia (Holt) ," September 9, 1984",,,,
Lucky Man , Michael J. Fox (Hyperion) ," April 21, 2002",,,,
Madame Curie ," Eve Curie (Doubleday, Doran) "," December 20, 1937",,,,
Madame Sarah , Cornelia Otis Skinner (Houghton Mifflin) ," March 12, 1967",,,,
Marie Antoinette , Stefan Zweig (Viking) ," April 24, 1933",,,,
Markings , Dag Hammarskjold (Knopf) ," December 20, 1964",,,,
Marley & Me , John Grogan (Morrow) ," February 12, 2006",,,,
Master of the Senate , Robert A. Caro (Knopf) ," May 19, 2002",,,,
Masters of Deceit , J. Edgar Hoover (Holt) ," May 4, 1958",,,,
May This House Be Safe from Tigers , Alexander King (Simon & Schuster) ," March 13, 1960",,,,
Mayor , Edward Koch and W. William Raven (Simon & Schuster) ," February 26, 1984",,,,
Me: Stories of My Life , Katherine Hepburn (Knopf) ," September 22, 1991",,,,
Means of Ascent , Robert A. Caro (Knopf) ," April 8, 1990",,,,
Megatrends , John Naisbitt (Warner) ," February 27, 1983",,,,
Megatrends 2000 , John Naisbitt and Patricia Aburdene (Morrow) ," February 4, 1990",,,,
Memoirs: Sixty Years on the Firing Line , Arthur Krock (Funk & Wagnalls) ," December 15, 1968",,,,
Men at Work , George Will (MacMillan) ," April 29, 1990",,,,
Men in Love , Nancy Friday (Delacorte) ," May 18, 1980"," October 8, 1950",,,
Midnight In the Garden of Good and Evil , John Berendt (Random House) ," November 30, 1997",,,,
Millie's Book , Millie as told to Barbara Bush (Morrow) ," September 30, 1990",,,,
Mine Enemy Grows Older , Alexander King (Simon & Schuster) ," April 12, 1959",,,,
Miss America , Howard Stern (Regan Books) ," November 26, 1995",,,,
Mission to Moscow , Joseph E. Davies (Simon & Schuster) ," January 12, 1942",,,,
Mistaken Identity ," Don and Susie Van Ryn and Newell, Colleen and Whitney Cerak, with Mark Tabb (Howard) "," April 13, 2008",,,,
Mommie Dearest , Christina Crawford (Morrow) ," November 26, 1978",,,,
Monica's Story , Andrew Morton (St. Martin's) ," March 21, 1999",,,,
Moonwalk , Michael Jackson (Doubleday) ," May 15, 1988",,,,
More Merry,,,,,,
More Power to You , Walter B. Pitkin (Whittlesey) ," October 16, 1933",,,,
Motherhood: The Second Oldest Profession , Erma Bombeck (McGraw,Hill) ,,,,
Mothers & Daughters , Carol Saline and Sharon J. Wohlmuth (Doubleday) ," May 25, 1997",,,,
Mourning Becomes Electra , Eugene O'Neill (Liveright) ," December 21, 1931",,,,
Mr. President ," William Hillman (Farrar, Straus) "," April 20, 1952",,,,
Murder in Brentwood , Mark Fuhrman (Regnery) ," March 16, 1997",,,,
My American Journey , Colin L. Powell with Joseph E. Persico (Random House) ," October 1, 1995",,,,
My Beloved World , Sonia Sotomayor (Knopf) ," February 3, 2013"," September 21, 1952",,,
My Friend Leonard , James Frey (Riverhead) ," January 22, 2006",,,,
My Grandfather's Son , Clarence Thomas (Harper) ," October 21, 2007",,,,
My Life , Bill Clinton (Knopf) ," July 11, 2004",,,,
My Life In Court , Louis Nizer (William Morrow & Company) ," January 21, 1962",,,,
My Life So Far , Jane Fonda (Random House) ," April 24, 2005",,,,
My Point...And I Do Have One , Ellen DeGeneres (Bantam) ," September 10, 1995",,,,
My Prison Without Bars , Pete Rose with Rick Hill (Rodale) ," January 25, 2004",,,,
My Sergei , Ekaterina Gordeeva E. M. with Swift (Warner) ," November 24, 1996",,,,
My Turn , Nancy Reagan and William Novak (Random House) ," November 26, 1989",,,,
Nancy Reagan , Kitty Kelley (Simon & Schuster) ," April 28, 1991",,,,
Napalm and Silly Putty , George Carlin (Hyperion) ," May 20, 2001",,,,
Never Say Diet , Richard Simmons (Warner) ," March 8, 1981",,,,
New Passages , Gail Sheehy (Random House) ," July 16, 1995",,,,
Nicole Brown Simpson , Faye D. Resnick with Mike Walker (Dove Books) ," November 6, 1994",,,,
Nijinsky , Romola Nijinsky (Simon & Schuster) ," May 14, 1934",,,,
No Apology , Mitt Romney (St. Martin's) ," March 21, 2010",,,,
No Easy Day , Mark Owen with Kevin Maurer (Dutton) ," September 23, 2012",,,,
North to the Orient ," Anne Lindbergh (Harcourt, Brace) "," August 26, 1935",,,,
Not Peace But a Sword ," Vincent Sheean (Doubleday, Doran) "," August 14, 1939",,,,
Nothing Like It In the World , Stephen E. Ambrose (Simon & Schuster) ," September 17, 2000",,,,
O Jerusalem! , Larry Collins and Dominique LaPierre (Simon & Schuster) ," July 23, 1972",,,,
Obama ," Pete Souza (Little, Brown) "," November 26, 2017",,,,
Obama's America , Dinesh D'Souza (Regnery) ," September 16, 2012",,,,
Obama's Wars , Bob Woodward (Simon & Schuster) ," October 17, 2010",,,,
Official Book Club Selection , Kathy Griffin (Ballantine) ," September 27, 2009",,,,
Old School , Bill O'Reilly and Bruce Feirstein (Holt) ," April 16, 2017",,,,
On Bull,,,,,,
On Our Way , Franklin D. Roosevelt (Day) ," April 30, 1934",,,,
Once a Grand Duke , Alexander of Russia (Farrar & Rinehart) ," March 14, 1932",,,,
One Nation ," the editors of Life Magazine (Little, Brown) "," December 16, 2001",,,,
One Nation , Ben Carson with Candy Carson (Sentinel) ," June 8, 2014",,,,
One World , Wendell Willkie (Simon & Schuster) ," April 19, 1943",,,,
Only in America , Harry Golden (World) ," September 21, 1958",,,,
Only Yesterday , Frederick Lewis Allen (Harper) ," February 1, 1932",,,,
Onward , Howard Schultz with Joanne Gordon (Rodale) ," April 17, 2011",,,,
Open , Andre Agassi (Knopf) ," November 29, 2009",,,,
Oprah , Kitty Kelley (Crown) ," May 2, 2010",,,,
Option B , Sheryl Sandberg and Adam Grant (Knopf) ," May 14, 2017",,,,
Orchids on Your Budget , Marjorie Hillis (Bobbs,Merrill) ,,,,
Our Crowd: The Great Jewish Families of New York , Stephen Birmingham (Harper) ," September 10, 1967",,,,
Our Endangered Values , Jimmy Carter (Simon & Schuster) ," November 20, 2005",,,,
Our Hearts Were Young and Gay ," Cornelia Otis Skinner and Emily Kimbrough (Dodd, Mead) "," December 28, 1942",,,,
Out of the Night , Jan Valtin (Alliance) ," February 3, 1941",,,,
Outliers ," Malcolm Gladwell (Little, Brown) "," December 7, 2008",,,,
Outrage , Vincent Bugliosi (Norton) ," July 14, 1996",,,,
Parliament of Whores , P. J. O'Rourke (Entrekin) ," August 25, 1991",,,,
Passages , Gail Sheehy (Dutton) ," August 29, 1976",,,,
Past Imperfect ," Ilka Chase (Doubleday, Doran) "," April 13, 1942",,,,
Paterno , Joe Posnanski (Simon & Schuster) ," September 9, 2012",,,,
Peace of Mind , Joshua L. Leibman (Simon & Schuster) ," October 27, 1946",,,,
Personal History ," Vincent Sheean (Doubleday, Doran) "," April 22, 1935",,,,
Personal History , Katharine Graham (Knopf) ," February 23, 1997",,,,
Plain Speaking , Merle Miller (Putnam) ," February 24, 1974",,,,
Plan of Attack , Bob Woodward (Simon & Schuster) ," May 9, 2004"," October 19, 1958",,,
Please Don't Eat the Daisies , Jean Kerr (Doubleday) ," February 2, 1958",,,,
Plunder and Deceit , Mark R. Levin (Threshold Editions) ," August 23, 2015",,,,
Portrait of a Killer , Patricia Cornwell (Putnam) ," December 1, 2002",,,,
Portraits of Courage , George W. Bush (Crown) ," March 19, 2017",,,,
Power to the People , Laura Ingraham (Regnery) ," September 30, 2007",,,,
Power! , Michael Korda (Random House) ," November 23, 1975",,,,
Present Indicative ," Noel Coward (Doubleday, Doran) "," May 3, 1937",,,,
Private Parts , Howard Stern (Simon & Schuster) ," October 24, 1993",,,,
Profiles In Courage , John F. Kennedy (Harper) ," December 29, 1963",,,,
"Promise Me, Dad ", Joe Biden (Flatiron Books) ," December 3, 2017",,,,
Quiet Strength , Tony Dungy with Nathan Whitaker (Tyndale) ," August 5, 2007",,,,
Reaching For the Stars ," Nora Wain (Little, Brown) "," March 20, 1939",,,,
Recovery , Sir Arthur Salter (Century) ," April 18, 1932",,,,
Red , Sammy Hagar (It Books/Harper Collins) ," April 3, 2011",,,,
Rediscovering Americanism , Mark R. Levin (Threshold Editions) ," July 16, 2017",,,,
Reminiscences , Douglas MacArthur (McGraw) ," October 25, 1964",,,,
Resilience , Elizabeth Edwards (Broadway) ," May 31, 2009",,,,
Revolution from Within ," Gloria Steinem (Little, Brown) "," February 9, 1992",,,,
Rickenbacker , Edward V. Rickenbacker (Prentice Hall) ," January 7, 1968",,,,
Road to War , Walter Millis (Houghton Mifflin) ," May 13, 1935",,,,
Roosevelt and Hopkins , Robert E. Sherwood (Harper) ," December 19, 1948",,,,
Roosevelt In Retrospect , John Gunther (Harper) ," July 9, 1950",,,,
Roots , Alex Haley (Doubleday) ," November 21, 1976",,,,
Rush Limbaugh Is a Big Fat Idiot , Al Franken (Delacorte) ," February 25, 1996",,,,
Rush to Judgment , Mark Lane (Holt) ," November 13, 1966",,,,
Russian Roulette , Michael Isikoff and David Corn (Twelve) ," April 1, 2018",,,,
Salt Sugar Fat , Michael Moss (Random House) ," March 17, 2013",,,,
Seabiscuit , Laura Hillenbrand (Random House) ," April 8, 2001",,,,
"See Here, Private Hargrove ", Marion Hargrove (Holt) ," August 31, 1942",,,,
"See, I Told You So ", Rush H. Limbaugh (Pocket) ," November 21, 1993",,,,
Seinlanguage , Jerry Seinfeld (Bantam) ," September 19, 1993",,,,
Settle For More , Megyn Kelly (Harper/HarperCollins) ," December 4, 2016"," September 10, 1961",,,
Seven Pillars of Wisdom ," T.E. Lawrence (Doubleday, Doran) "," October 14, 1935",,,,
Sex , Madonna (Warner) ," November 8, 1992",,,,
Sexual Behavior In the Human Male ," A. C. Kinsey, Wardell Pomeroy and Clyde E. Martin (Saunders) "," May 23, 1948",,,,
Sh*t My Dad Says , Justin Halpern (It Books/Harper Collins) ," June 20, 2010",,,,
Shade ," Pete Souza (Little, Brown) "," November 4, 2018",,,,
Shadow , Bob Woodward (Simon & Schuster) ," July 11, 1999",,,,
Shadow Warriors , Tom Clancy with Carl Stiner and Tony Koltz (Putnam) ," February 24, 2002",,,,
Shelley: Also Known as Shirley , Shelley Winters (Morrow) ," August 3, 1980",,,,
Ship of Fools , Tucker Carlson (Free Press) ," October 21, 2018",,,,
Si,,Cology 1 - Si Robertson with Mark Schlabach (Howard Books) ,,,,
Silent Spring , Rachel Carson (Houghton Mifflin) ," October 28, 1962",,,,
Skin Deep , M.C. Phillips (Vanguard) ," January 28, 1935",,,,
Slander , Ann Coulter (Crown) ," July 14, 2002",,,,
Speaking Frankly , James F. Byrnes (Harper) ," November 16, 1947",,,,
Spoken From the Heart , Laura Bush (Scribner) ," May 23, 2010",,,,
Spycatcher , Peter Wright (Viking) ," August 16, 1987",,,,
Stars Fell on Alabama , Carl Carmer (Farrar & Rinehart) ," July 16, 1934",,,,
State of Denial , Bob Woodward (Simon & Schuster) ," October 22, 2006",,,,
Steve Jobs , Walter Isaacson (Simon & Schuster) ," November 13, 2011",,,,
Stori Telling , Tori Spelling (Simon Spotlight Entertainment) ," September 14, 2008",,,,
Stupid White Men , Michael Moore (ReganBooks/HarperCollins) ," March 24, 2002",,,,
Sum It Up , Pat Summitt with Sally Jenkins (Crown Archetype) ," March 24, 2013",,,,
Summer of '49 , David Halberstam (Morrow) ," July 2, 1989",,,,
Sylvia Porter's Money Book , Sylvia Porter (Doubleday) ," September 7, 1975",,,,
Talking Straight , Lee Iacocca and Sonny Kleinfeld (Bantam) ," July 3, 1988",,,,
Talking to Heaven , James Van Praagh (Dutton) ," February 8, 1998",,,,
Tallulah , Tallulah Bankhead (Harper) ," October 26, 1952",,,,
Teacher Man , Frank McCourt (Scribner) ," December 4, 2005",,,,
Team of Rivals , Doris Kearns Goodwin (Simon & Schuster) ," January 8, 2006",,,,
The 900 Days , Harrison Salisbury (Harper) ," May 4, 1969",,,,
The ABC of Technocracy , Frank Awkwright (Harper) ," January 16, 1933",,,,
The Age of Turbulence , Alan Greenspan (Penguin Press) ," October 7, 2007",,,,
The Agenda , Bob Woodward (Simon & Schuster) ," June 26, 1994",,,,
The Amateur , Edward Klein (Regnery) ," June 3, 2012",,,,
The American Way of Death , Jessica Mitford (Simon & Schuster) ," December 8, 1963",,,,
The Arches of the Years , Halliday Sutherland (Morrow) ," July 17, 1933",,,,
The Arts , Hendrik Willem van Loon (Simon & Schuster) ," October 18, 1937",,,,
The Audacity of Hope , Barack Obama (Crown) ," November 12, 2006",,,,
The Beatles Anthology , the Beatles (Chronicle) ," October 22, 2000",,,,
The Bermuda Triangle , Charles Berlitz (Doubleday) ," February 2, 1975"," August 1, 1965",,,
The Best and the Brightest , David Halberstam (Random House) ," January 21, 1973",,,,
The Beverly Hills Diet , Judy Mazel (MacMillan) ," July 12, 1981",,,,
The Big Short , Michael Lewis (Norton) ," April 4, 2010",,,,
The Birth of Britain , Winston Churchill (Dodd) ," May 27, 1956",,,,
The Book of Basketball , Bill Simmons (Ballantine) ," November 15, 2009",,,,
The Book of Lists ," David Wallechinsky, Irving Wallace and Amy Wallace (Morrow) "," July 24, 1977",,,,
The Book of Virtues , William J. Bennett (Simon & Schuster) ," January 16, 1994",,,,
The Boys of Summer , Roger Kahn (Harper) ," May 28, 1972",,,,
The Brethern , Bob Woodward and Scott Armstrong (Simon & Schuster) ," December 30, 1979",,,,
The Century , Peter Jennings and Todd Brewster (Doubleday) ," December 20, 1998",,,,
The Challenge to Liberty , Herbert Hoover (Scribner) ," October 15, 1934",,,,
The City of Falling Angels , John Berendt (Penguin) ," October 16, 2005",,,,
The Civil War , Geoffrey Ward with Ric and Ken Burns (Knopf) ," November 11, 1990",,,,
The Closing of the American Mind , Allan Bloom (Simon & Schuster) ," June 7, 1987",,,,
The Coming American Boom , L.L.B. Angas (Simon & Schuster) ," August 27, 1934",,,,
The Coming Battle of Germany , William B. Ziff (Duell) ," September 21, 1942",,,,
The Commanders , Bob Woodward (Simon & Schuster) ," June 2, 1991",,,,
The Complete Book of Running , James Fixx (Random House) ," February 26, 1978",,,,
The Complete Scarsdale Medical Diet , Herman Tarnower and Samm Sinclair Baker (Rawson Wade) ," April 1, 1979",,,,
The Crime of Cuba , Carleton Beals (Lippincott) ," September 18, 1933",,,,
The Day Christ Died , Jim Bishop (Harper) ," June 23, 1957",,,,
The Day Diana Died , Christopher Andersen (Morrow) ," September 13, 1998",,,,
The Day John Died , Christopher Andersen (Morrow) ," July 30, 2000",,,,
The Death of a President , William Manchester (Harper Collins) ," April 23, 1967",,,,
The Death of Outrage , William J. Bennett (Free Press) ," October 4, 1998",,,,
The Devil In the White City , Erik Larson (Crown) ," March 23, 2003",,,,
The Diana Chronicles , Tina Brown (Doubleday) ," July 8, 2007",,,,
The Dilbert Principle , Scott Adams (HarperBusiness) ," July 28, 1996",,,,
The Egg and I , Betty MacDonald (Lippincott) ," December 30, 1945",,,,
The Ends of Power , H. R. Haldeman and Joseph DiMona (Times) ," March 19, 1978",,,,
The Epic of America ," James Truslow Adams (Little, Brown) "," December 14, 1931",,,,
The Evolution of Physics , Albert Einstein and Leopold Infeld (Simon & Schuster) ," May 9, 1938",,,,
The F. B. I. Story , Donald Whitehead (Random House) ," February 3, 1957",,,,
The Fairtax Book , Neal Boortz and John Linder (Regan Books/ Harper Collins) ," August 21, 2005",,,,
The Family , Kitty Kelley (Doubleday) ," October 3, 2004",,,,
The Female Eunuch , Germaine Greer (McGraw) ," July 25, 1971",,,,
The Final Days , Bob Woodward and Carl Bernstein (Simon & Schuster) ," April 25, 1976",,,,
The Fire Next Time , James Baldwin (Dial Press) ," July 7, 1963",,,,
The First World War ," Laurence Stallings, editor (Simon & Schuster) "," August 28, 1933",,,,
The Future of the Mind , Michio Kaku (Doubleday) ," March 16, 2014",,,,
The Game of the Foxes , Ladislas Farago (McKay) ," March 19, 1972",,,,
The Gathering Storm , Winston Churchill (Houghton Mifflin) ," August 8, 1948",,,,
The Gene , Siddhartha Mukherjee (Scribner) ," June 5, 2016",,,,
The Girl with the Lower Back Tattoo , Amy Schumer (Gallery Books) ," September 4, 2016",,,,
The Grand Design , Stephen Hawking and Leonard Mlodinow (Bantam) ," September 26, 2010",,,,
The Great Depression of 1990 , Ravi Batra (Simon & Schuster) ," November 15, 1987",,,,
The Greater Journey , David McCullough (Simon & Schuster) ," June 19, 2011",,,,
The Greatest Generation , Tom Brokaw (Random House) ," December 27, 1998"," November 30, 1969",,,
The Greatest Story Ever Told , Fulton Oursler (Doubleday) ," May 1, 1949",,,,
The Greening of America , Charles Reich (Random House) ," December 27, 1970",,,,
The Guns at Last Light , Rick Atkinson (Holt) ," June 2, 2013",,,,
The Hidden Persuaders , Vance Packard (McKay) ," August 4, 1957",,,,
The Horse and Buggy Doctor , Arthur E. Hertzler (Harper) ," September 26, 1938",,,,
The Hot Zone , Richard Preston (Random House) ," February 5, 1995",,,,
The House of Exile ," Nora Waln (Little, Brown) "," May 29, 1933",,,,
The Hundred Years ," Philip Guedalla (Doubleday, Doran) "," February 15, 1937",,,,
The Importance of Living , Lin Yutang (Reynal & Hitchcock) ," December 27, 1937",,,,
The Innocent Man , John Grisham (Doubleday) ," October 29, 2006",,,,
The Japanese Enemy , Hugh Byas (Knopf) ," March 23, 1942",,,,
The Joy of Sex , Alex Comfort (Crown) ," August 5, 1973",,,,
The Kennedys: An American Drama , Peter Collier and David Horowitz (Summit) ," July 22, 1984",,,,
The Last Battle , Ryan Cornelius (Simon & Schuster) ," May 8, 1966",,,,
The Last Lion ," William Manchester (Little, Brown) "," November 20, 1988",,,,
The Last Time I Saw Paris , Paul Elliot (Random House) ," May 11, 1942",,,,
The Liberty Amendments , Mark R. Levin (Threshold Editions) ," September 1, 2013",,,,
The Little Princesses , Marion Crawford (Harcourt) ," September 3, 1950",,,,
The Lord God Made Them All , James Herriot (St. Martin's) ," May 17, 1981",,,,
The Magnolia Story , Chip Gaines and Joanna Gaines with Mark Dagostino (W Publishing/Thomas Nelson) ," November 6, 2016",,,,
The Making of the President ,, 1960 - Theodore H. White (Atheneum) ,,,,
The Making of the President ,, 1964 - Theodore H. White (Atheneum) ,,,,
The Man of the Renaissance , Ralph Roeder (Viking) ," December 18, 1933",,,,
The March of Democracy , James Truslow Adams (Scribner) ," November 7, 1932",,,,
The Mature Mind , Harry Overstreet (Norton) ," March 5, 1950",,,,
The Millionaire Next Door , Thomas J. Stanley and William D. Danko (Longstreet) ," May 3, 1998",,,,
The Money Game , Adam Smith (Random House) ," July 7, 1968",,,,
The Naked Ape , Desmond Morris (McGraw) ," March 3, 1968",,,,
The Native's Return , James Truslow Adams (Harper) ," February 12, 1934",,,,
The New English Bible (Oxford University Press) ,," May 28, 1961",,,,
The New Industrial State , John K. Galbraith (Houghton Mifflin) ," July 23, 1967",,,,
The No Spin Zone , Bill O'Reilly (Broadway) ," November 11, 2001",,,,
The Nun's Story ," Kathryn Hulme (Little, Brown) "," October 21, 1956",,,,
The O'Reilly Factor , Bill O'Reilly (Broadway) ," November 12, 2000",,,,
The Obama Diaries , Laura Ingraham (Threshold Editions) ," August 1, 2010",,,,
The Obama Nation , Jerome R. Corsi (Threshold) ," August 17, 2008",,,,
The Palace Guard , Dan Rather and Gary Paul Gates (Harper) ," February 16, 1975",,,,
The Passage of Power , Robert A. Caro (Knopf) ," May 20, 2012",,,,
The Peter Principle , Laurence Peter and Raymond Hull (Morrow) ," July 20, 1969",,,,
The Pioneers , David McCullough (Simon & Schuster) ," May 26, 2019",,,,
The Power of Positive Thinking , Norman Vincent Peale (Prentice Hall) ," May 17, 1953",,,,
The Price of Loyalty , Ron Suskind (Simon & Schuster) ," February 1, 2004",,,,
The Princess Diarist , Carrie Fisher (Blue Rider) ," January 15, 2017",,,,
The Prize , Daniel Yergin (Simon & Schuster) ," February 10, 1991",,,,
The Rainbow Comes and Goes , Anderson Cooper and Gloria Vanderbilt (Harper) ," April 24, 2016",,,,
The Reagan Diaries , Ronald Reagan (Harper Collins) ," June 24, 2007",,,,
The Relaxation Response , Herbert Benson (Morrow) ," December 21, 1975",,,,
The Restless Wave , John McCain and Mark Salter (Simon & Schuster) ," June 10, 2018",,,,
The Revolution , Ron Paul (Grand Central) ," May 18, 2008",,,,
The Right Side of History , Ben Shapiro (Broadside) ," April 7, 2019",,,,
The Right Words at the Right Time edited , Marlo Thomas (Atria) ," June 16, 2002",,,,
The Rise and Fall of the Third Reich , William Shirer (Simon & Schuster) ," December 4, 1960",,,,
The Road Ahead , Bill Gates with Nathan Myhrvold and Peter Rinearson (Viking) ," December 17, 1995",,,,
The Road to Character , David Brooks (Random House) ," May 3, 2015",,,,
The Robber Barons ," Matthew Josephson (Harcourt, Brace) "," March 12, 1934",,,,
The Rock Says... , the Rock with Joe Layden (ReganBooks/HarperCollins) ," January 30, 2000",,,,
The Rothchilds , Frederic Morton (Atheneum) ," June 24, 1962",,,,
The Royals , Kitty Kelley (Warner) ," October 5, 1997",,,,
The Russia Hoax , Gregg Jarrett (Broadside) ," August 12, 2018",,,,
The Savage Nation , Michael Savage (WND/Thomas Nelson) ," February 2, 2003",,,,
The Sea Around Us , Rachel Carson (Oxford University Press) ," September 9, 1951",,,,
The Search For Bridey Murphy , Morey Bernstein (Doubleday) ," March 4, 1956",,,,
The Second Mountain , David Brooks (Random House) ," May 5, 2019",,,,
The Selling of the President ,, 1968 - Joe McGinnis (Trident) ,,,,
The Sensuous Woman ," ""J"" (Joan Terry Garrity) (Lyle Stuart/Carroll Publishing) "," September 20, 1970",,,,
The Silent Passage , Gail Sheehy (Random House) ," June 7, 1992",,,,
The Snowball , Alice Schroeder (Bantam) ," October 19, 2008",,,,
The Social Animal , David Brooks (Random House) ," March 27, 2011",,,,
The Soul of America , Jon Meacham (Random House) ," May 27, 2018",,,,
The Soul's Code , James Hillman (Random House) ," November 17, 1996",,,,
The Status Seekers , Vance Packard (McKay) ," June 14, 1959",,,,
The Story of My Life , Clarence Darrow (Scribner) ," February 29, 1932",,,,
The Threat , Andrew G. McCabe (St. Martin's) ," March 10, 2019",,,,
The Thurber Carnival , James Thurber (Harper) ," April 1, 1945",,,,
The Time For Decision , Sumner Welles (Harper) ," September 10, 1944",,,,
The Time Is Now , Pierre van Paassen (Dial) ," June 2, 1941",,,,
The Triumph of Politics , David Stockman (Harper) ," May 11, 1986",,,,
The Truth (With Jokes) , Al Franken (Dutton) ," November 13, 2005",,,,
The Waste Makers , Vance Packard (McKay) ," November 6, 1960",,,,
The Wave of the Future ," Anne Morrow Lindbergh (Harcourt, Brace) "," November 11, 1940",,,,
The Way of the Transgressor ," Negley Farson (Harcourt, Brace) "," March 9, 1936",,,,
The Way Things Ought to Be , Rush H. Limbaugh (Pocket) ," September 27, 1992",,,,
The White Cliffs , Alice Duer Miller (Coward,McCann) ,,,,
The Whole Truth and Nothing But , Hedda Hopper (Doubleday) ," May 19, 1963",,,,
The Wild Blue , Stephen E. Ambrose (Simon & Schuster) ," September 9, 2001",,,,
The Woollcott Reader ," Alexander Woollcott, editor (Viking) "," December 23, 1935",,,,
The World Is Flat ," Thomas L. Friedman (Farrar, Straus & Giroux) "," May 15, 2005",,,,
The Wright Brothers , David McCullough (Simon & Schuster) ," May 24, 2015",,,,
The Yankee Years , Joe Torre and Tom Verducci ," February 22, 2009",,,,
They Were Expendable , W. L. White (Harcourt) ," September 28, 1942",,,,
Things That Matter , Charles Krauthammer (Crown Forum) ," November 24, 2013",,,,
This Fight Is Our Fight , Elizabeth Warren (Metropolitan/Holt) ," May 7, 2017",,,,
This I Remember , Eleanor Roosevelt (Harper) ," January 15, 1950",,,,
Thomas Jefferson , Jon Meacham (Random House) ," December 9, 2012",,,,
Those Guys Have All the Fun ," James Andrew Miller and Tom Shales (Little, Brown) "," June 12, 2011",,,,
Thrive , Arianna Huffington (Harmony) ," April 13, 2014",,,,
Thy Neighbor's Wife , Gay Talese (Doubleday) ," May 25, 1980",,,,
Time Flies , Bill Cos," December 6, 1987",,,,
Times to Remember , Rose Kennedy (Doubleday) ," May 19, 1974",,,,
Tis , Frank McCourt (Scribner) ," October 10, 1999",,,,
To Renew America , Newt Gingrich (HarperCollins) ," July 23, 1995",,,,
Tom Cruise , Andrew Morton (St. Martin's) ," February 3, 2008",,,,
Too Fat to Fish , Artie Lange with Anthony Bozza (Spiegel & Grau) ," November 30, 2008",,,,
Travels with Charley , John Steinbeck (Viking) ," October 21, 1962",,,,
Troublemaker , Leah Remini and Rebecca Paley (Ballantine) ," November 22, 2015",,,,
True Compass , Edward M. Kennedy (Twelve) ," October 4, 2009",,,,
Trump: Surviving at the Top , Donald Trump and Charles Leerhsen (Random House) ," September 9, 1990",,,,
Trump: The Art of the Deal , Donald Trump and Tony Schwartz (Random House) ," January 17, 1988",,,,
Trump's War , Michael Savage (Center Street) ," April 2, 2017",,,,
Tuesdays With Morrie , Mitch Albom (Doubleday) ," April 26, 1998",,,,
U. S. A. Confidential , Jack Lait and Mortimer Lee (Crown) ," April 27, 1952",,,,
U. S. Foreign Policy ," Walter Lippmann (Little, Brown) "," July 12, 1943",,,,
Uganda Be Kidding Me , Chelsea Handler (Grand Central) ," March 23, 2014",,,,
Uh,,Oh - Robert Fulghum (Villard) ," May 28, 1978",,,
Unbroken , Laura Hillenbrand (Random House) ," January 16, 2011",,,,
Under Cover , John Roy Carlson (Dutton) ," August 9, 1943",,,,
Under Fire , Oliver North and William Novak (Harper) ," December 1, 1991",,,,
Underboss , Peter Maas (HarperCollins) ," May 11, 1997",,,,
Understanding Trump , Newt Gingrich (Center Street) ," July 2, 2017",,,,
Unfit for Command , John E. O'Neill and Jerome R. Corsi (Regnery) ," September 5, 2004",,,,
Unfreedom of the Press , Mark R. Levin (Threshold Editions) ," June 9, 2019",,,,
Unfreedom of the Press , Mark R. Levin (Threshold Editions) ,,,,,
Unhinged , Omarosa Manigault Newman (Gallery) ," September 2, 2018",,,,
Unlimited Access , Gary Aldrich (Regnery) ," August 4, 1996",,,,
Unmasked , Ian Halperin (Simon Spotlight Entertainment) ," August 2, 2009",,,,
Up Front , Bill Mauldin (Holt) ," July 8, 1945",,,,
Up the Organization , Robert Townsend (Knopf) ," May 3, 1970",,,,
Van Loon's Geography , Hendrik Van Loon (Simon & Schuster) ," October 31, 1932"," October 28, 1979",,,
Veil , Bob Woodward (Simon & Schuster) ," October 18, 1987",,,,
Victory Through Air Power , Alexander de Seversky (Simon & Schuster) ," August 24, 1942",,,,
Wake Up and Live , Dorothea Brande (Simon & Schuster) ," May 4, 1936",,,,
Washington Confidential , Jack Lait and Mortimer Lee (Crown) ," April 1, 1951",,,,
Washington Is Like That , W.M. Kiplinger (Harper) ," August 10, 1942",,,,
Washington Merry Round , Anonymous (Drew Pearson and Robert Allen) (Liveright) ," November 30, 1931",,,,
We Are Our Mother's Daughters , Cokie Roberts (Morrow) ," May 24, 1998",,,,
We Saw It Happen , Thirteen Correspondents of the New York Times (Simon & Schuster) ," February 6, 1939",,,,
What Happened , Scott McClellan (PublicAffairs) ," June 15, 2008",,,,
What Happened , Hillary Rodham Clinton (Simon & Schuster) ," October 1, 2017",,,,
What If? , Randall Munroe (Houghton Mifflin Harcourt) ," September 21, 2014",,,,
What Should I Do With My Life? , Po Bronson (Random House) ," February 16, 2003",,,,
What We Live By , Abbe Ernest Dimnet (Simon & Schuster) ," August 8, 1932",,,,
When Breath Becomes Air , Paul Kalanithi (Random House) ," January 31, 2016",,,,
When You Are Engulfed In Flames ," David Sedaris (Little, Brown) "," June 22, 2008",,,,
"When You Look Like Your Passport Photo, It's Time to Go Home ", Erma Bombeck (Harper) ," September 1, 1991",,,,
While Rome Burns , Alexander Woollcott (Viking) ," March 26, 1934",,,,
White Collar Zoo , Clare Barnes (Doubleday) ," September 4, 1949",,,,
Who's Looking Out For You? , Bill O'Reilly (Broadway) ," October 12, 2003",,,,
Why Not Me? , Mindy Kaling (Crown Archetype) ," October 4, 2015",,,,
Wild , Cheryl Strayed (Knopf) ," July 15, 2012",,,,
Wine From These Grapes , Edna St. Vincent Millay (Harper) ," December 3, 1934",,,,
Winning Through Intimidation , Robert J. Ringer (Funk & Wagnalls) ," March 7, 1976",,,,
Wired , Bob Woodward (Simon & Schuster) ," June 24, 1984",,,,
Wisdom of Our Fathers , Tim Russert (Random House) ," July 2, 2006",,,,
With Malice Toward Some , Margaret Halsey (Simon & Schuster) ," September 5, 1938",,,,
Without a Doubt , Marcia Clark with Teresa Carpenter (Viking) ," June 1, 1997",,,,
Witness , Whittaker Chambers (Random House) ," June 22, 1952",,,,
Witness , Amber Frey (Regan Books/Harper Collins) ," January 23, 2005",,,,
Women Who Run With the Wolves , Clarissa Pinkola EstÃ©s (Ballantine) ," April 25, 1993",,,,
Wonderful Tonight , Pattie Boyd with Penny Juror (Harmony) ," September 16, 2007",,,,
World of Our Fathers , Irving Howe with Kenneth Libo (Harcourt Brace Jovanovich) ," April 18, 1976",,,,
Worlds In Collision , Immanuel Velikovsky (Doubleday) ," May 7, 1950",,,,
Yankee From Olympus ," Catherine Drinker Bowen (Little, Brown) "," July 2, 1944",,,,
Yeager ," Chuck Yeager, Cy Janos and Leo Janos (Bantam) "," July 21, 1985",,,,
Yes Please , Amy Poehler (Dey St./Morrow) ," November 16, 2014",,,,
Yes We (Still) Can , Dan Pfeiffer (Twelve) ," July 8, 2018",,,,
You Can Profit from a Monetary Crisis , Harry Browne (MacMillan) ," April 28, 1974",,,,
You Can Run But You Can't Hide , Duane Chapman with Laura Morton (Hyperion) ," August 26, 2007",,,,
You Cannot Be Serious , John McEnroe with James Kaplan (Putnam) ," June 30, 2002",,,,
You'll Never Eat Lunch in This Town Again , Julia Phillips (Random House) ," April 7, 1991",,,,
You're Only Old Once , Dr. Seuss (Random House) ," March 30, 1986",,,,
Your Erroneous Zones , Wayne Dwyer (Funk & Wagnalls) ," May 8, 1977",,,,
Zealot , Reza Aslan (Random House) ," August 11, 2013",,,,
,,,,,,
,,,,,,
,,,,,,
,,,,,,
,,,,,,
,,,,,,
,,,,,,
,,,,,,
,,,,,,
,,," October 23, 1983",,,
,,,,,,
,,,,,,
,,,,,,
,,,,,,
,,,,,,
,,,,,,
,,,,,,
,,,,,,
,,,,,,
,,,,,,
,,,,,,
,,,,,,
,,,,,,
,,,,,,
,,,,,,
,,,,,,
,,,,,,
,,,,,,
,,,,,,
,,,,,,
,,,,,,
,,,,,,
,,,,,,
,,,,,,
,,,,,,
,,,,,,
,,,,,,
,,,,,,
,,,,,,
,,,,,,
,,,,,,
,,,,,,
,,,,,,
,,,,,,
,,,,,,
,,,,,,
,,,,,,
,,,,,,
,,,,,,
,,,,,,
,,,,,,
,,,,,,
,,,,,,
,,,,,,
,,,,,,
,,,,,,
,,,,,,
,,,,,,
,,,,,,
,,,,,,
,,,,,,
,,,,,,
,,,,,,
,,,,,,
,,,,,,
,,,,,,
,,,,,,
,,,,,,
,,,,,,
,,,,,,
,,,,,,
,,,,,,
,,,,,,
,,,,,,
,,,,,,
,,,,,,
,,,,,,
,,,,,,
,,,,,,
,,,,,,
,,,,,,
,,,,,,
,,,,,,
,,,,,,
,,,,,,
,,,,,,
,,,,,,
,,,,,,
,,,,,,
,,,,,,
,,,,,,
,,,,,,
,,,,,,
,,,,,,
,,,,,,
,,,,,,
,,,,,,
,,,,,,
,,,,,,
,,,,,,
,,,,,,
,,,,,,
,,,,,,
,,,,,,
,,,,,,
,,,,,,
,,,,,,
,,,,,,
,,,,,,
,,,,,,
,,,,,,
,,,,,,
,,,,,,
,,,,,,
,,,,,,
,,,,,,
,,,,,,
,,,,,,
,,,,,,
,,,,,,
,,,,,,
,,,,,,
,,,,,,
,,,,,,
,,,,,,
,,,,,,
,,,,,,
,,,,,,
,,,,,,
,,," January 27, 1991",,,
,,,,,,
,,,,,,
,,,,,,
,,,,,,
,,,,,,
,,,,,,
,,,,,,
,,,,,,
,,,,,,
,,,,,,
,,,,,,
,,,,,,
,,,,,,
,,,,,,
,,,,,,
,,,,,,
,,,,,,
,,," September 8, 1991",,,
,,,,,,
,,,,,,
,,,,,,
,,,,,,
,,,,,,
,,,,,,
,,,,,,
,,,,,,
,,,,,,
,,,,,,
,,,,,,
,,,,,,
,,,,,,
,,,,,,
,,,,,,
,,,,,,
,,,,,,
,,,,,,
,,,,,,
,,,,,,
,,,,,,
,,,,,,
,,,,,,
,,,,,,
,,,,,,
,,,,,,
,,,,,,
,,,,,,
,,,,,,
,,,,,,
,,,,,,
,,,,,,
,,,,,,
,,,,,,
,,,,,,
,,,,,,
,,,,,,
,,,,,,
,,,,,,
,,,,,,
,,,,,,
,,,,,,
,,,,,,
,,,,,,
,,,,,,
,,,,,,
,,,,,,
,,,,,,
,,,,,,
,,,,,,
,,,,,,
,,,,,,
,,,,,,
,,,,,,
,,,,,,
,,,,,,
,,,,,,
,,,,,,
,,,,,,
,,,,,,
,,,,,,
,,,,,,
,,,,,,
,,,,,,
,,,,,,
,,,,,,
,,,,,,
,,,,,,
,,,,,,
,,,,,,
,,,,,,
,,,,,,
,,,,,,
,,,,,,
,,,,,,
,,,,,,
,,,,,,
,,,,,,
,,,,,,
,,,,,,
,,,,,,
,,,,,,
,,,,,,
,,,,,,
,,,,,,
,,,,,,
,,,,,,
,,,,,,
,,,,,,
,,,,,,
,,,,,,
,,,,,,
,,,,,,
,,,,,,
,,,,,,
,,,,,,
,,,,,,
,,,,,,
,,,,,,
,,,,,,
,,,,,,
,,,,,,
,,,,,,
,,,,,,
,,,,,,
,,,,,,
,,,,,,
,,,,,,
,,,,,,
,,,,,,
,,,,,,
,,,,,,
,,,,,,
,,,,,,
,,,,,,
,,,,,,
,,,,,,
,,,,,,
,,,,,,
,,,,,,
,,,,,,
,,,,,,
,,,,,,
,,,,,,
,,,,,,
,,," November 2, 1997",,,
,,,,,,
,,,,,,
,,,,,,
,,,,,,
,,,,,,
,,,,,,
,,,,,,
,,,,,,
,,,,,,
,,,,,,
,,,,,,
,,,,,,
,,,,,,
,,,,,,
,,,,,,
,,,,,,
,,,,,,
,,,,,,
,,,,,,
,,,,,,
,,,,,,
,,,,,,
,,,,,,
,,,,,,
,,,,,,
,,,,,,
,,,,,,
,,,,,,
,,,,,,
,,,,,,
,,,,,,
,,,,,,
,,,,,,
,,,,,,
,,,,,,
,,,,,,
,,,,,,
,,,,,,
,,,,,,
,,,,,,
,,,,,,
,,,,,,
,,,,,,
,,,,,,
,,,,,,
,,,,,,
,,,,,,
,,,,,,
,,,,,,
,,,,,,
,,,,,,
,,,,,,
,,,,,,
,,,,,,
,,,,,,
,,,,,,
,,,,,,
,,,,,,
,,,,,,
,,,,,,
,,,,,,
,,,,,,
,,,,,,
,,,,,,
,,,,,,
,,,,,,
,,,,,,
,,,,,,
,,,,,,
,,,,,,
,,,,,,
,,,,,,
,,,,,,
,,,,,,
,,,,,,
,,,,,,
,,,,,,
,,,,,,
,,,,,,
,,,,,,
,,,,,,
,,,,,,
,,,,,,
,,,,,,
,,,,,,
,,,,,,
,,,,,,
,,,,,,
,,,,,,
,,,,,,
,,,,,,
,,,,,,
,,,,,,
,,,,,,
,,,,,,
,,,,,,
,,,,,,
,,,,,,
,,,,,,
,,,,,,
,,,,,,
,,,,,,
,,,,,,
,,,,,,
,,,,,,
,,,,,,
,,,,,,
,,,,,,
,,,,,,
,,,,,,
,,,,,,
,,,,,,
,,,,,,
,,,,,,
,,,,,,
,,,,,,
,,,,,,
,,,,,,
,,,,,,
,,,,,,
,,,,,,
,,,,,,
,,,,,,
,,,,,,
,,,,,,
,,,,,,
,,,,,,
,,,,,,
,,,,,,
,,,,,,
,,,,,,
,,,,,,
,,,,,,
,,,,,,
,,,,,,
,,,,,,
,,,,,,
,,,,,,
,,,,,,
,,,,,,
,,,,,,
,,,,,,
,,,,,,
,,,,,,
,,,,,,
,,,,,,
,,,,,,
,,,,,,
,,,,,,
,,,,,,
,,,,,,
,,,,,,
,,,,,,
,,,,,,
,,,,,,
,,,,,,
,,,,,,
,,,,,,
,,,,,,
,,,,,,
,,,,,,
,,,,,,
,,,,,,
,,,,,,
,,,,,,
,,,,,,
,,,,,,
,,,,,,
,,,,,,
,,,,,,
,,,,,,
,,,,,,
,,,,,,
,,,,,,
,,,,,,
,,,,,,
,,,,,,
,,,,,,
,,,,,,
,,,,,,
,,,,,,
,,,,,,
,,,,,,
,,,,,,
,,,,,,
,,,,,,
,,,,,,
,,,,,,
,,,,,,
,,,,, - Harry G. Frankfurt (Princeton University) ," June 5, 2005"
,,,,,,
,,,,,,
,,,,,,
,,,,,,
,,,,,,
,,,,,,
,,,,,,
,,,,,,
,,,,,,
,,,,,,
,,,,,,
,,,,,,
,,,,,,
,,,,,,
,,,,,,
,,,,,,
,,,,,,
,,,,,,
,,,,,,
,,,,,,
,,,,,,
,,,,,,
,,,,,,
,,,,,,
,,,,,,
,,,,,,
,,,,,,
,,,,,,
,,,,,,
,,,,,,
,,,,,,
,,,,,,
,,,,,,
,,,,,,
,,,,,,
,,,,,,
,,,,,,
,,,,,,
,,,,,,
,,,,,,
,,,,,,
,,,,,,
,,,,,,
,,,,,,
,,,,,,
,,,,,,
,,,,,,
,,,,,,
,,,,,,
,,,,,,
,,,,,,
,,,,,,
,,,,,,
,,,,,,
,,,,,,
,,,,,,
,,,,,,
,,,,,,
,,,,,,
,,,,,,
,,,,,,
,,,,,,
,,,,,,
,,,,,,
,,,,,,
,,,,,,
,,,,,,
,,,,,,
,,,,,,
,,,,,,
,,,,,,
,,,,,,
,,,,,,
,,,,,,
,,,,,,
,,,,,,
,,,,,,
,,,,,,
,,,,,,
,,,,,,
,,,,,,
,,,,,,
,,,,,,
,,,,,,
,,,,,,
,,,,,,
,,,,,,
,,,,,,
,,,,,,
,,,,,,
,,,,,,
,,,,,,
,,,,,,
,,,,,,
,,,,,,
,,,,,,
,,,,,,
,,,,,,
,,,,,,
,,,,,,
,,,,,,
,,,,,,
,,,,,,
,,,,,,
,,,,,,
,,,,,,
,,,,,,
,,,,,,
,,,,,,
,,,,,,
,,,,,,
,,,,,,
,,,,,,
,,,,,,
,,,,,,
,,,,,,
,,,,,,
,,,,,,
,,,,,,
,,,,,,
,,,,,,
,,,,,,
,,,,,,
,,,,,,
,,,,,,
,,,,,,
,,,,,,
,,,,,,
,,,,,,
,,,,,,
,,,,,,
,,,,,,
,,,,,,
,,,,,,
,,,,,,
,,,,,,
,,,,,,
,,,,,,
,,,,,,
,,,,,,
,,,,,,
,,,,,,
,,,,,,
,,,,,,
,,,,,,
,,,,,,
,,,,,,
,,,,,,
,,,,,,
,,,,,,
,,,,,,
,,,,,,
,,,,,,
,,,,,,
,,,,,,
,,,,,,
,,,,,,
,,,,,,
,,,,,,
,,,,,,
,,,,,,
,,,,,,
,,,,,,
,,,,,,
,,,,,,
,,,,,,
,,,,,,
,,,,,,
,,,,,,
,,,,,,
,,,,,,
,,,,,,
,,,,,,
,,,,,,
,,,,,,
,,,,,,
,,,,,,
,,,,,,
,,,,,,
,,,,,,
,,,,,,
,,,,,,
,,,,,,
,,,,,,
,,,,,,
,,,,,,
,,,,,,
,,,,,,
,,,,,,
,,,,,,
,,,,,,
,,,,,,
,,,,,,
,,,,,,
,,,,,,
,,,,,,
,,,,,,
,,,,,,
,,,,,,
,,,,,,
,,,,,,
,,,,,,
,,,,,,
,,,,,,
,,,,,,
,,,,,,
,,,,,,
,,,,,,
,,,,,,
,,,,,,
,,,,,,
,,,,,,
,,,,,,
,,,,,,
,,,,,,
,,,,,,
,,,,,,
,,,,,,
,,,,,,
,,,,,,
,,,,,,
,,,,,,
,,,,,,
,,,,,,
,,,,,,
,,,,,,
,,,,,,
,,,,,,
,,,,,,
,,,,,,
,,,,,,
,,,,,,
,,,,,,
,,,,,,
,,,,,,
,,,,,,
,,,,,,
,,,,,,
,,,,,,
,,,,,,
,,,,,,
,,,,,,
,,,,,,
,,,,,,
,,,,,,
,,,,,,
,,,,,,
,,,,,,
,,,,,,
,,,,,,
,,,,,,
,,,,,,
,,,,,,
,,,,,,
,,,,,,
,,,,,,
,,,,,,
,,,,,,
,,,,,,
,,,,,,
,,,,,,
,,,,,,
,,,,,,
,,,,,,
,,,,,,
,,,,,,
,,,,,,
,,,,,,
,,,,,,
,,," September 22, 2013",,,
,,,,,,
,,,,,,
,,,,,,
,,,,,,
,,,,,,
,,,,,,
,,,,,,
,,,,,,
,,,,,,
,,,,,,
,,,,,,
,,,,,,
,,,,,,
,,,,,,
,,,,,,
,,,,,,
,,,,,,
,,,,,,
,,,,,,
,,,,,,
,,,,,,
,,,,,,
,,,,,,
,,," May 18, 2014",,,
,,,,,,
,,,,,,
,,,,,,
,,,,,,
,,,,,,
,,,,,,
,,,,,,
,,,,,,
,,,,,,
,,,,,,
,,,,,,
,,,,,,
,,,,,,
,,,,,,
,,,,,,
,,,,,,
,,,,,,
,,,,,,
,,,,,,
,,,,,,
,,,,,,
,,,,,,
,,,,,,
,,,,,,
,,,,,,
,,,,,,
,,,,,,
,,,,,,
,,,,,,
,,,,,,
,,,,,,
,,,,,,
,,,,,,
,,," August 2, 2015",,,
,,,,,,
,,,,,,
,,,,,,
,,,,,,
,,,,,,
,,,,,,
,,,,,,
,,,,,,
,,,,,,
,,,,,,
,,,,,,
,,,,,,
,,,,,,
,,,,,,
,,,,,,
,,,,,,
,,,,,,
,,,,,,
,,,,,,
,,," May 1, 2016",,,
,,,,,,
,,,,,,
,,,,,,
,,,,,,
,,,,,,
,,,,,,
,,,,,,
,,,,,,
,,,,,,
,,,,,,
,,,,,,
,,,,,,
,,,,,,
,,,,,,
,,,,,,
,,,,,,
,,,,,,
,,,,,,
,,,,,,
,,,,,,
,,,,,,
,,,,,,
,,,,,,
,,,,,,
,,,,,,
,,,,,,
,,,,,,
,,,,,,
,,,,,,
,,,,,,
,,,,,,
,,,,,,
,,,,,,
,,,,,,
,,,,,,
,,,,,,
,,,,,,
,,,,,,
,,,,,,
,,,,,,
,,,,,,
,,,,,,
,,,,,,
,,,,,,
,,,,,,
,,,,,,
,,,,,,
,,,,,,
,,,,,,
,,,,,,
,,,,,,
,,,,,,
,,,,,,
,,,,,,
,,,,,,
,,,,,,
,,,,,,
,,,,,,
,,,,,,
,,,,,,
,,,,,,
,,,,,,
,,,,,,
,,,,,,
,,,,,,
,,,,,,
,,,,,,
,,,,,,
,,,,,,
,,,,,,
,,,,,,
,,,,,,
,,,,,,
,,,,,,
,,,,,,
,,,,,,
,,,,,,
,,,,,,
,,,,,,
,,,,,,
,,,,,,
,,,,,,
,,,,,,
,,,,,,
,,,,,,
,,,,,,
,,,,,,
,,,,,,
,,,,,,
,,,,,,
,,,,,,
,,,,,,
,,,,,,
,,,,,,
,,,,,,
,,,,,,
,,,,,,
,,,,,,
,,,,,,
,,,,,,
,,,,,,
,,,,,,
,,,,,,
,,,,,,
,,,,,,
,,,,,,
,,,,,,
,,,,,,
,,,,,,
,,,,,,
,,,,,,
,,,,,,
,,,,,,
,,,,,,
,,,,,,